,content_id,date_str,month,day,year
0,60,missing,12,31,2099
1,61,"Aug 30, 2017",8,30,2017
2,66,"Aug 30, 2017",8,30,2017
3,80,"Aug 29, 2017",8,29,2017
4,82,"Aug 29, 2017",8,29,2017
5,85,"Aug 29, 2017",8,29,2017
6,87,"Aug 21, 2017",8,21,2017
7,90,"Aug 10, 2017",8,10,2017
8,96,"Aug 30, 2017",8,30,2017
9,98,"Aug 30, 2017",8,30,2017
10,101,"Aug 28, 2017",8,28,2017
11,102,"Aug 24, 2017",8,24,2017
12,103,"Aug 18, 2017",8,18,2017
13,116,"Aug 8, 2017",8,8,2017
14,120,"Aug 29, 2017",8,29,2017
15,122,"Jul 14, 2017",7,14,2017
16,124,"Aug 28, 2017",8,28,2017
17,125,"Aug 29, 2017",8,29,2017
18,142,missing,12,31,2099
19,145,"Aug 30, 2017",8,30,2017
20,147,"Aug 29, 2017",8,29,2017
21,148,"Nov 28, 2017",11,28,2017
22,151,"Aug 4, 2017",8,4,2017
23,153,"Aug 3, 2017",8,3,2017
24,184,"Aug 31, 2017",8,31,2017
25,189,"Aug 31, 2017",8,31,2017
26,191,missing,12,31,2099
27,192,"Aug 31, 2017",8,31,2017
28,193,"Aug 31, 2017",8,31,2017
29,194,"Aug 31, 2017",8,31,2017
30,195,"Aug 31, 2017",8,31,2017
31,196,missing,12,31,2099
32,198,"Aug 3, 2017",8,3,2017
33,199,"Jul 13, 2017",7,13,2017
34,202,"Aug 31, 2017",8,31,2017
35,204,"Aug 31, 2017",8,31,2017
36,206,"Aug 31, 2017",8,31,2017
37,227,"Sep 4, 2017",9,4,2017
38,234,"Sep 1, 2017",9,1,2017
39,237,"Sep 1, 2017",9,1,2017
40,239,"Sep 1, 2017",9,1,2017
41,241,"Sep 5, 2017",9,5,2017
42,245,"Jul 11, 2017",7,11,2017
43,246,"Sep 1, 2017",9,1,2017
44,248,"Jul 7, 2017",7,7,2017
45,249,"Sep 2, 2017",9,2,2017
46,250,"Aug 2, 2017",8,2,2017
47,251,"Sep 1, 2017",9,1,2017
48,252,"Jul 27, 2017",7,27,2017
49,253,"Sep 1, 2017",9,1,2017
50,263,"Sep 2, 2017",9,2,2017
51,266,"Sep 2, 2017",9,2,2017
52,283,"Jul 5, 2017",7,5,2017
53,286,"Jul 5, 2017",7,5,2017
54,289,"Sep 2, 2017",9,2,2017
55,291,"Sep 1, 2017",9,1,2017
56,293,"Sep 4, 2017",9,4,2017
57,296,"Jul 27, 2017",7,27,2017
58,303,"Sep 3, 2017",9,3,2017
59,304,"Sep 2, 2017",9,2,2017
60,321,"Sep 3, 2017",9,3,2017
61,334,"Sep 3, 2017",9,3,2017
62,335,"Sep 3, 2017",9,3,2017
63,336,"Sep 4, 2017",9,4,2017
64,339,"May 12, 2017",5,12,2017
65,340,"Aug 31, 2017",8,31,2017
66,341,"Jun 28, 2017",6,28,2017
67,342,"Jun 27, 2017",6,27,2017
68,355,"Jul 1, 2017",7,1,2017
69,359,"Jun 23, 2017",6,23,2017
70,374,"Sep 4, 2017",9,4,2017
71,375,"Sep 4, 2017",9,4,2017
72,377,"Sep 3, 2017",9,3,2017
73,380,"Aug 31, 2017",8,31,2017
74,382,"Aug 30, 2017",8,30,2017
75,385,"Sep 5, 2017",9,5,2017
76,386,"Sep 4, 2017",9,4,2017
77,447,"Jun 22, 2017",6,22,2017
78,453,"Jun 22, 2017",6,22,2017
79,459,"Sep 6, 2017",9,6,2017
80,460,"Sep 6, 2017",9,6,2017
81,463,"Sep 6, 2017",9,6,2017
82,466,"Sep 5, 2017",9,5,2017
83,468,"Sep 5, 2017",9,5,2017
84,473,"Sep 5, 2017",9,5,2017
85,481,"Sep 6, 2017",9,6,2017
86,484,"Sep 6, 2017",9,6,2017
87,486,"Sep 8, 2017",9,8,2017
88,507,"Sep 7, 2017",9,7,2017
89,513,"Sep 5, 2017",9,5,2017
90,521,"Sep 7, 2017",9,7,2017
91,524,"Jun 21, 2017",6,21,2017
92,526,"Jun 21, 2017",6,21,2017
93,535,"Sep 7, 2017",9,7,2017
94,550,"Sep 7, 2017",9,7,2017
95,554,"Sep 7, 2017",9,7,2017
96,561,"Sep 6, 2017",9,6,2017
97,570,"Sep 8, 2017",9,8,2017
98,572,"Sep 5, 2017",9,5,2017
99,573,"Sep 8, 2017",9,8,2017
100,574,"Jun 19, 2017",6,19,2017
101,575,"Sep 7, 2017",9,7,2017
102,576,"Sep 7, 2017",9,7,2017
103,577,"Jun 17, 2017",6,17,2017
104,607,"Sep 9, 2017",9,9,2017
105,614,"Jun 16, 2017",6,16,2017
106,617,"Sep 9, 2017",9,9,2017
107,620,"Sep 8, 2017",9,8,2017
108,623,"Sep 8, 2017",9,8,2017
109,624,"Sep 8, 2017",9,8,2017
110,663,"Jun 13, 2017",6,13,2017
111,665,"Sep 9, 2017",9,9,2017
112,666,"Jun 13, 2017",6,13,2017
113,668,"Sep 10, 2017",9,10,2017
114,669,"Sep 9, 2017",9,9,2017
115,691,"Sep 11, 2017",9,11,2017
116,695,missing,12,31,2099
117,697,"Jun 12, 2017",6,12,2017
118,701,"Jun 12, 2017",6,12,2017
119,723,"Dec 29, 2017",12,29,2017
120,726,"Sep 10, 2017",9,10,2017
121,728,"Sep 11, 2017",9,11,2017
122,732,"Sep 11, 2017",9,11,2017
123,745,"Aug 24, 2017",8,24,2017
124,749,"Sep 6, 2017",9,6,2017
125,773,"Jun 8, 2017",6,8,2017
126,775,"Jun 6, 2017",6,6,2017
127,778,"Sep 12, 2017",9,12,2017
128,779,"Sep 11, 2017",9,11,2017
129,780,"Sep 11, 2017",9,11,2017
130,808,"Sep 12, 2017",9,12,2017
131,811,missing,12,31,2099
132,812,"Sep 12, 2017",9,12,2017
133,814,"Sep 13, 2017",9,13,2017
134,815,"Sep 12, 2017",9,12,2017
135,817,"Sep 13, 2017",9,13,2017
136,818,"Sep 12, 2017",9,12,2017
137,819,"Sep 13, 2017",9,13,2017
138,822,missing,12,31,2099
139,839,"Sep 13, 2017",9,13,2017
140,843,"Sep 13, 2017",9,13,2017
141,857,"Sep 13, 2017",9,13,2017
142,871,"Jun 6, 2017",6,6,2017
143,873,"Sep 13, 2017",9,13,2017
144,874,"Sep 13, 2017",9,13,2017
145,884,missing,12,31,2099
146,888,"Aug 10, 2017",8,10,2017
147,895,"Jun 5, 2017",6,5,2017
148,918,"Sep 14, 2017",9,14,2017
149,919,"Sep 13, 2017",9,13,2017
150,920,"Sep 5, 2017",9,5,2017
151,925,"Sep 15, 2017",9,15,2017
152,926,"Sep 14, 2017",9,14,2017
153,927,"Sep 15, 2017",9,15,2017
154,928,"Sep 14, 2017",9,14,2017
155,931,"Sep 15, 2017",9,15,2017
156,943,"Sep 13, 2017",9,13,2017
157,947,"Sep 15, 2017",9,15,2017
158,953,"Jun 5, 2017",6,5,2017
159,956,"Jun 1, 2017",6,1,2017
160,957,"Sep 13, 2017",9,13,2017
161,958,"Jun 1, 2017",6,1,2017
162,967,"Sep 14, 2017",9,14,2017
163,968,"Sep 13, 2017",9,13,2017
164,969,"Sep 7, 2017",9,7,2017
165,978,"Sep 15, 2017",9,15,2017
166,979,"Sep 15, 2017",9,15,2017
167,980,"Sep 15, 2017",9,15,2017
168,984,"Sep 16, 2017",9,16,2017
169,985,"Sep 16, 2017",9,16,2017
170,990,"May 31, 2017",5,31,2017
171,995,"May 30, 2017",5,30,2017
172,999,"May 30, 2017",5,30,2017
173,1019,missing,12,31,2099
174,1020,"Sep 5, 2017",9,5,2017
175,1021,"Sep 16, 2017",9,16,2017
176,1022,"Sep 16, 2017",9,16,2017
177,1023,"Sep 16, 2017",9,16,2017
178,1060,"Sep 17, 2017",9,17,2017
179,1061,missing,12,31,2099
180,1062,"Sep 18, 2017",9,18,2017
181,1081,"Sep 18, 2017",9,18,2017
182,1083,"Sep 18, 2017",9,18,2017
183,1090,"Sep 19, 2017",9,19,2017
184,1091,"Sep 19, 2017",9,19,2017
185,1092,"Sep 19, 2017",9,19,2017
186,1106,"Sep 19, 2017",9,19,2017
187,1113,"Sep 19, 2017",9,19,2017
188,1129,"Sep 20, 2017",9,20,2017
189,1131,"Sep 19, 2017",9,19,2017
190,1132,"Sep 20, 2017",9,20,2017
191,1153,"Sep 20, 2017",9,20,2017
192,1156,"Sep 20, 2017",9,20,2017
193,1168,"Sep 20, 2017",9,20,2017
194,1169,"Sep 21, 2017",9,21,2017
195,1170,"Sep 20, 2017",9,20,2017
196,1171,"Sep 21, 2017",9,21,2017
197,1198,"Sep 21, 2017",9,21,2017
198,1199,"Sep 21, 2017",9,21,2017
199,1200,"Sep 21, 2017",9,21,2017
200,1207,"Sep 21, 2017",9,21,2017
201,1208,"Sep 21, 2017",9,21,2017
202,1209,missing,12,31,2099
203,1234,"Sep 22, 2017",9,22,2017
204,1235,"Sep 22, 2017",9,22,2017
205,1236,"Sep 22, 2017",9,22,2017
206,1240,"Sep 22, 2017",9,22,2017
207,1244,"Sep 22, 2017",9,22,2017
208,1245,"Sep 22, 2017",9,22,2017
209,1246,"Sep 22, 2017",9,22,2017
210,1250,"Sep 23, 2017",9,23,2017
211,1268,"Sep 23, 2017",9,23,2017
212,1269,"Sep 23, 2017",9,23,2017
213,1270,"Sep 23, 2017",9,23,2017
214,1275,"Sep 24, 2017",9,24,2017
215,1278,"Sep 24, 2017",9,24,2017
216,1279,"Sep 22, 2017",9,22,2017
217,1280,"Sep 25, 2017",9,25,2017
218,1287,"Sep 24, 2017",9,24,2017
219,1288,"Sep 23, 2017",9,23,2017
220,1289,"Sep 23, 2017",9,23,2017
221,1291,"Sep 20, 2017",9,20,2017
222,1292,"Sep 19, 2017",9,19,2017
223,1293,"Sep 19, 2017",9,19,2017
224,1300,"Sep 25, 2017",9,25,2017
225,1301,"Sep 24, 2017",9,24,2017
226,1302,"Sep 26, 2017",9,26,2017
227,1303,"Sep 24, 2017",9,24,2017
228,1304,"Sep 25, 2017",9,25,2017
229,1305,"Sep 23, 2017",9,23,2017
230,1306,"Sep 25, 2017",9,25,2017
231,1307,"Sep 25, 2017",9,25,2017
232,1308,"Sep 19, 2017",9,19,2017
233,1315,"Sep 25, 2017",9,25,2017
234,1316,"Sep 25, 2017",9,25,2017
235,1317,"Sep 26, 2017",9,26,2017
236,1318,"Sep 27, 2017",9,27,2017
237,1319,"Sep 26, 2017",9,26,2017
238,1320,"Sep 25, 2017",9,25,2017
239,1321,"Sep 25, 2017",9,25,2017
240,1322,"Sep 25, 2017",9,25,2017
241,1326,"Sep 26, 2017",9,26,2017
242,1327,"Oct 17, 2017",10,17,2017
243,1328,"Sep 26, 2017",9,26,2017
244,1330,"Sep 26, 2017",9,26,2017
245,1332,"Sep 26, 2017",9,26,2017
246,1336,"Sep 26, 2017",9,26,2017
247,1338,"Sep 25, 2017",9,25,2017
248,1339,"Sep 22, 2017",9,22,2017
249,1340,"Sep 22, 2017",9,22,2017
250,1343,"Oct 3, 2017",10,3,2017
251,1345,"Sep 26, 2017",9,26,2017
252,1346,"Sep 26, 2017",9,26,2017
253,1347,"Sep 26, 2017",9,26,2017
254,1348,"Sep 21, 2017",9,21,2017
255,1352,"Sep 26, 2017",9,26,2017
256,1356,"Sep 27, 2017",9,27,2017
257,1358,"Sep 27, 2017",9,27,2017
258,1361,"Sep 27, 2017",9,27,2017
259,1365,missing,12,31,2099
260,1366,"Sep 26, 2017",9,26,2017
261,1367,"Sep 26, 2017",9,26,2017
262,1368,missing,12,31,2099
263,1369,"Sep 27, 2017",9,27,2017
264,1370,"Oct 21, 2017",10,21,2017
265,1374,"Sep 27, 2017",9,27,2017
266,1381,"Sep 28, 2017",9,28,2017
267,1385,"Sep 29, 2017",9,29,2017
268,1386,"Sep 29, 2017",9,29,2017
269,1389,"Sep 28, 2017",9,28,2017
270,1390,"Sep 28, 2017",9,28,2017
271,1392,"Sep 27, 2017",9,27,2017
272,1393,"Sep 29, 2017",9,29,2017
273,1394,"Dec 5, 2017",12,5,2017
274,1395,"Sep 30, 2017",9,30,2017
275,1396,"Sep 27, 2017",9,27,2017
276,1397,"Oct 5, 2017",10,5,2017
277,1398,"Sep 29, 2017",9,29,2017
278,1399,"Sep 29, 2017",9,29,2017
279,1400,"Sep 29, 2017",9,29,2017
280,1401,"Sep 28, 2017",9,28,2017
281,1402,"Sep 29, 2017",9,29,2017
282,1403,"Sep 27, 2017",9,27,2017
283,1407,"Sep 29, 2017",9,29,2017
284,1408,"Sep 29, 2017",9,29,2017
285,1409,"Sep 29, 2017",9,29,2017
286,1410,"Sep 28, 2017",9,28,2017
287,1411,"Sep 28, 2017",9,28,2017
288,1412,"Sep 28, 2017",9,28,2017
289,1413,"Sep 29, 2017",9,29,2017
290,1414,"Jan 10, 2018",1,10,2018
291,1419,"Sep 28, 2017",9,28,2017
292,1421,missing,12,31,2099
293,1423,"Sep 28, 2017",9,28,2017
294,1424,"Sep 29, 2017",9,29,2017
295,1425,"Sep 29, 2017",9,29,2017
296,1426,"Sep 28, 2017",9,28,2017
297,1427,"Sep 29, 2017",9,29,2017
298,1428,"Sep 27, 2017",9,27,2017
299,1429,"Sep 27, 2017",9,27,2017
300,1430,"Sep 27, 2017",9,27,2017
301,1431,"Sep 29, 2017",9,29,2017
302,1432,"Sep 28, 2017",9,28,2017
303,1435,missing,12,31,2099
304,1440,"Sep 29, 2017",9,29,2017
305,1441,"Sep 28, 2017",9,28,2017
306,1442,"Sep 28, 2017",9,28,2017
307,1443,"Sep 29, 2017",9,29,2017
308,1444,"Sep 29, 2017",9,29,2017
309,1445,"Sep 30, 2017",9,30,2017
310,1446,"Sep 30, 2017",9,30,2017
311,1447,"Sep 30, 2017",9,30,2017
312,1448,"Sep 29, 2017",9,29,2017
313,1450,"Sep 28, 2017",9,28,2017
314,1451,"Sep 28, 2017",9,28,2017
315,1453,"Sep 30, 2017",9,30,2017
316,1456,"Sep 28, 2017",9,28,2017
317,1457,missing,12,31,2099
318,1458,"Sep 28, 2017",9,28,2017
319,1460,"Sep 30, 2017",9,30,2017
320,1461,"Sep 30, 2017",9,30,2017
321,1462,"Sep 23, 2017",9,23,2017
322,1464,"Oct 2, 2017",10,2,2017
323,1465,missing,12,31,2099
324,1466,"Oct 1, 2017",10,1,2017
325,1467,"Sep 28, 2017",9,28,2017
326,1468,"Oct 1, 2017",10,1,2017
327,1469,"Sep 28, 2017",9,28,2017
328,1470,missing,12,31,2099
329,1471,missing,12,31,2099
330,1472,"Oct 1, 2017",10,1,2017
331,1473,"Sep 28, 2017",9,28,2017
332,1474,"Sep 30, 2017",9,30,2017
333,1475,"Sep 30, 2017",9,30,2017
334,1476,"Sep 29, 2017",9,29,2017
335,1477,missing,12,31,2099
336,1478,"Oct 1, 2017",10,1,2017
337,1479,"Oct 1, 2017",10,1,2017
338,1480,"Oct 1, 2017",10,1,2017
339,1481,"Sep 27, 2017",9,27,2017
340,1482,"Oct 1, 2017",10,1,2017
341,1483,"Sep 26, 2017",9,26,2017
342,1484,"Sep 28, 2017",9,28,2017
343,1485,"Sep 27, 2017",9,27,2017
344,1486,missing,12,31,2099
345,1487,"Oct 1, 2017",10,1,2017
346,1488,"Oct 1, 2017",10,1,2017
347,1489,"Oct 1, 2017",10,1,2017
348,1490,"Oct 1, 2017",10,1,2017
349,1491,"Oct 1, 2017",10,1,2017
350,1492,"Jan 19, 2018",1,19,2018
351,1493,"Oct 1, 2017",10,1,2017
352,1494,"Oct 1, 2017",10,1,2017
353,1495,"Oct 1, 2017",10,1,2017
354,1496,"Oct 2, 2017",10,2,2017
355,1497,"Oct 1, 2017",10,1,2017
356,1498,"Oct 1, 2017",10,1,2017
357,1499,"Oct 1, 2017",10,1,2017
358,1500,"Oct 1, 2017",10,1,2017
359,1501,"Oct 2, 2017",10,2,2017
360,1502,"Jan 12, 2018",1,12,2018
361,1503,"Oct 2, 2017",10,2,2017
362,1504,"Oct 2, 2017",10,2,2017
363,1505,"Oct 10, 2017",10,10,2017
364,1506,"Dec 29, 2017",12,29,2017
365,1507,"Oct 2, 2017",10,2,2017
366,1508,"Oct 2, 2017",10,2,2017
367,1509,"Oct 2, 2017",10,2,2017
368,1510,"Sep 29, 2017",9,29,2017
369,1511,"Oct 2, 2017",10,2,2017
370,1512,"Oct 1, 2017",10,1,2017
371,1513,"Oct 2, 2017",10,2,2017
372,1514,"Sep 29, 2017",9,29,2017
373,1515,"Oct 2, 2017",10,2,2017
374,1516,"Oct 2, 2017",10,2,2017
375,1517,"Oct 2, 2017",10,2,2017
376,1518,"Oct 2, 2017",10,2,2017
377,1519,"Oct 2, 2017",10,2,2017
378,1520,"Oct 2, 2017",10,2,2017
379,1521,"Oct 3, 2017",10,3,2017
380,1522,missing,12,31,2099
381,1523,"Jan 18, 2018",1,18,2018
382,1524,"Oct 2, 2017",10,2,2017
383,1525,"Oct 3, 2017",10,3,2017
384,1526,"Oct 2, 2017",10,2,2017
385,1527,"Oct 2, 2017",10,2,2017
386,1528,missing,12,31,2099
387,1529,"Oct 2, 2017",10,2,2017
388,1530,"Sep 27, 2017",9,27,2017
389,1532,"Oct 2, 2017",10,2,2017
390,1533,"Oct 3, 2017",10,3,2017
391,1534,"Oct 3, 2017",10,3,2017
392,1535,"Oct 3, 2017",10,3,2017
393,1536,"Oct 2, 2017",10,2,2017
394,1537,"Oct 4, 2017",10,4,2017
395,1538,"Oct 3, 2017",10,3,2017
396,1539,"Oct 2, 2017",10,2,2017
397,1540,"Oct 5, 2017",10,5,2017
398,1541,"Oct 3, 2017",10,3,2017
399,1542,"Jan 29, 2018",1,29,2018
400,1544,"Oct 3, 2017",10,3,2017
401,1545,"Oct 3, 2017",10,3,2017
402,1547,"Oct 3, 2017",10,3,2017
403,1548,"Oct 3, 2017",10,3,2017
404,1550,missing,12,31,2099
405,1553,"Oct 4, 2017",10,4,2017
406,1554,"Oct 3, 2017",10,3,2017
407,1555,"Oct 3, 2017",10,3,2017
408,1556,"Oct 3, 2017",10,3,2017
409,1557,missing,12,31,2099
410,1558,missing,12,31,2099
411,1559,"Oct 4, 2017",10,4,2017
412,1560,missing,12,31,2099
413,1561,"Oct 4, 2017",10,4,2017
414,1562,"Oct 3, 2017",10,3,2017
415,1563,"Oct 4, 2017",10,4,2017
416,1564,missing,12,31,2099
417,1565,"Oct 3, 2017",10,3,2017
418,1566,missing,12,31,2099
419,1567,"Oct 3, 2017",10,3,2017
420,1568,"Oct 3, 2017",10,3,2017
421,1569,"Oct 3, 2017",10,3,2017
422,1570,"Oct 4, 2017",10,4,2017
423,1571,"Oct 3, 2017",10,3,2017
424,1572,"Sep 29, 2017",9,29,2017
425,1573,"Sep 29, 2017",9,29,2017
426,1574,"Oct 3, 2017",10,3,2017
427,1578,"Oct 3, 2017",10,3,2017
428,1581,"Sep 27, 2017",9,27,2017
429,1582,"Oct 4, 2017",10,4,2017
430,1583,"Oct 4, 2017",10,4,2017
431,1584,"Oct 6, 2017",10,6,2017
432,1585,"Oct 4, 2017",10,4,2017
433,1586,"Oct 4, 2017",10,4,2017
434,1587,"Oct 4, 2017",10,4,2017
435,1588,"Oct 5, 2017",10,5,2017
436,1589,"Oct 4, 2017",10,4,2017
437,1590,"Oct 4, 2017",10,4,2017
438,1591,missing,12,31,2099
439,1592,"Oct 5, 2017",10,5,2017
440,1593,"Oct 3, 2017",10,3,2017
441,1594,"Oct 4, 2017",10,4,2017
442,1595,"Jun 29, 2017",6,29,2017
443,1596,"Oct 4, 2017",10,4,2017
444,1597,"Oct 4, 2017",10,4,2017
445,1598,"Oct 4, 2017",10,4,2017
446,1599,"Oct 4, 2017",10,4,2017
447,1600,"Oct 4, 2017",10,4,2017
448,1601,"Oct 4, 2017",10,4,2017
449,1602,"Oct 4, 2017",10,4,2017
450,1603,"Oct 4, 2017",10,4,2017
451,1604,"Oct 3, 2017",10,3,2017
452,1605,"Oct 4, 2017",10,4,2017
453,1607,"Oct 4, 2017",10,4,2017
454,1608,"Oct 4, 2017",10,4,2017
455,1609,"Oct 4, 2017",10,4,2017
456,1610,"Oct 4, 2017",10,4,2017
457,1611,"Oct 5, 2017",10,5,2017
458,1612,"Oct 4, 2017",10,4,2017
459,1613,"Oct 5, 2017",10,5,2017
460,1614,"Oct 5, 2017",10,5,2017
461,1615,"Oct 4, 2017",10,4,2017
462,1616,"Oct 5, 2017",10,5,2017
463,1617,"Oct 5, 2017",10,5,2017
464,1618,"Oct 5, 2017",10,5,2017
465,1619,"Oct 5, 2017",10,5,2017
466,1620,"Oct 5, 2017",10,5,2017
467,1621,"Oct 5, 2017",10,5,2017
468,1622,"Oct 5, 2017",10,5,2017
469,1623,"Oct 5, 2017",10,5,2017
470,1624,"Oct 5, 2017",10,5,2017
471,1625,"Oct 5, 2017",10,5,2017
472,1626,"Dec 8, 2017",12,8,2017
473,1627,"Oct 5, 2017",10,5,2017
474,1628,"Oct 2, 2017",10,2,2017
475,1629,"Oct 7, 2017",10,7,2017
476,1630,"Oct 5, 2017",10,5,2017
477,1631,"Oct 4, 2017",10,4,2017
478,1632,"Oct 5, 2017",10,5,2017
479,1633,"Sep 30, 2017",9,30,2017
480,1634,"Oct 4, 2017",10,4,2017
481,1635,"Oct 5, 2017",10,5,2017
482,1636,"Oct 5, 2017",10,5,2017
483,1637,"Oct 5, 2017",10,5,2017
484,1638,"Oct 5, 2017",10,5,2017
485,1639,"Oct 5, 2017",10,5,2017
486,1640,"Oct 5, 2017",10,5,2017
487,1641,"Oct 5, 2017",10,5,2017
488,1642,"Oct 6, 2017",10,6,2017
489,1643,"Oct 6, 2017",10,6,2017
490,1644,"Oct 5, 2017",10,5,2017
491,1645,"Oct 5, 2017",10,5,2017
492,1646,"Oct 6, 2017",10,6,2017
493,1647,"Oct 5, 2017",10,5,2017
494,1648,"Oct 5, 2017",10,5,2017
495,1649,"Oct 5, 2017",10,5,2017
496,1650,"Oct 5, 2017",10,5,2017
497,1651,"Oct 6, 2017",10,6,2017
498,1652,"Oct 6, 2017",10,6,2017
499,1653,"Oct 6, 2017",10,6,2017
500,1654,"Oct 6, 2017",10,6,2017
501,1655,"Oct 4, 2017",10,4,2017
502,1656,"Oct 6, 2017",10,6,2017
503,1657,"Oct 6, 2017",10,6,2017
504,1658,missing,12,31,2099
505,1659,"Oct 4, 2017",10,4,2017
506,1660,"Oct 6, 2017",10,6,2017
507,1661,"Oct 6, 2017",10,6,2017
508,1662,"Nov 24, 2017",11,24,2017
509,1663,"Oct 6, 2017",10,6,2017
510,1664,"Oct 6, 2017",10,6,2017
511,1665,"Oct 6, 2017",10,6,2017
512,1666,"Oct 6, 2017",10,6,2017
513,1667,"Oct 6, 2017",10,6,2017
514,1668,"Oct 20, 2017",10,20,2017
515,1669,missing,12,31,2099
516,1670,"Oct 6, 2017",10,6,2017
517,1671,"Oct 31, 2017",10,31,2017
518,1673,"Oct 6, 2017",10,6,2017
519,1674,"Feb 15, 2017",2,15,2017
520,1675,missing,12,31,2099
521,1676,"Oct 6, 2017",10,6,2017
522,1677,"Oct 6, 2017",10,6,2017
523,1682,"Oct 7, 2017",10,7,2017
524,1683,"Oct 3, 2017",10,3,2017
525,1684,"Oct 6, 2017",10,6,2017
526,1685,"Oct 5, 2017",10,5,2017
527,1686,"Oct 6, 2017",10,6,2017
528,1687,"Oct 7, 2017",10,7,2017
529,1688,"Oct 7, 2017",10,7,2017
530,1689,"Oct 6, 2017",10,6,2017
531,1690,"Oct 6, 2017",10,6,2017
532,1691,"Oct 6, 2017",10,6,2017
533,1692,"Oct 6, 2017",10,6,2017
534,1693,"Oct 5, 2017",10,5,2017
535,1694,"Oct 7, 2017",10,7,2017
536,1695,"Oct 6, 2017",10,6,2017
537,1696,missing,12,31,2099
538,1697,"Oct 7, 2017",10,7,2017
539,1698,"Oct 6, 2017",10,6,2017
540,1699,"Oct 3, 2017",10,3,2017
541,1700,"Oct 5, 2017",10,5,2017
542,1701,"Oct 5, 2017",10,5,2017
543,1702,"Oct 7, 2017",10,7,2017
544,1703,missing,12,31,2099
545,1704,"Oct 6, 2017",10,6,2017
546,1705,missing,12,31,2099
547,1706,"Oct 2, 2017",10,2,2017
548,1707,"Oct 6, 2017",10,6,2017
549,1708,"Oct 2, 2017",10,2,2017
550,1709,"Oct 7, 2017",10,7,2017
551,1710,"Oct 6, 2017",10,6,2017
552,1711,"Oct 4, 2017",10,4,2017
553,1712,"Oct 8, 2017",10,8,2017
554,1713,"Oct 7, 2017",10,7,2017
555,1714,"Oct 6, 2017",10,6,2017
556,1715,"Oct 8, 2017",10,8,2017
557,1716,"Oct 7, 2017",10,7,2017
558,1717,"Oct 7, 2017",10,7,2017
559,1718,missing,12,31,2099
560,1719,"Oct 7, 2017",10,7,2017
561,1720,"Oct 7, 2017",10,7,2017
562,1721,"Oct 8, 2017",10,8,2017
563,1722,"Oct 5, 2017",10,5,2017
564,1723,"Oct 6, 2017",10,6,2017
565,1724,"Oct 8, 2017",10,8,2017
566,1725,"Oct 18, 2017",10,18,2017
567,1727,"Oct 7, 2017",10,7,2017
568,1728,"Oct 7, 2017",10,7,2017
569,1729,"Oct 7, 2017",10,7,2017
570,1730,"Oct 7, 2017",10,7,2017
571,1731,"Oct 7, 2017",10,7,2017
572,1732,"Oct 7, 2017",10,7,2017
573,1735,"Oct 7, 2017",10,7,2017
574,1736,missing,12,31,2099
575,1737,missing,12,31,2099
576,1738,"Oct 8, 2017",10,8,2017
577,1739,"Oct 8, 2017",10,8,2017
578,1740,"Oct 8, 2017",10,8,2017
579,1741,"Oct 8, 2017",10,8,2017
580,1742,"Oct 8, 2017",10,8,2017
581,1743,"Oct 5, 2017",10,5,2017
582,1744,"Oct 5, 2017",10,5,2017
583,1746,"Oct 5, 2017",10,5,2017
584,1747,"Oct 8, 2017",10,8,2017
585,1748,"Oct 6, 2017",10,6,2017
586,1749,"Oct 8, 2017",10,8,2017
587,1750,"Oct 9, 2017",10,9,2017
588,1751,"Oct 8, 2017",10,8,2017
589,1752,"Oct 8, 2017",10,8,2017
590,1753,"Dec 5, 2017",12,5,2017
591,1754,"Oct 8, 2017",10,8,2017
592,1755,"Oct 9, 2017",10,9,2017
593,1756,missing,12,31,2099
594,1757,"Oct 8, 2017",10,8,2017
595,1758,"Oct 9, 2017",10,9,2017
596,1759,"Oct 8, 2017",10,8,2017
597,1760,"Oct 6, 2017",10,6,2017
598,1761,"Oct 8, 2017",10,8,2017
599,1762,"Oct 6, 2017",10,6,2017
600,1763,missing,12,31,2099
601,1764,"Oct 8, 2017",10,8,2017
602,1765,"Oct 5, 2017",10,5,2017
603,1766,"Oct 8, 2017",10,8,2017
604,1767,"Oct 8, 2017",10,8,2017
605,1768,"Oct 9, 2017",10,9,2017
606,1769,"Oct 9, 2017",10,9,2017
607,1770,"Oct 8, 2017",10,8,2017
608,1771,missing,12,31,2099
609,1772,"Oct 9, 2017",10,9,2017
610,1773,missing,12,31,2099
611,1774,"Oct 9, 2017",10,9,2017
612,1775,"Oct 9, 2017",10,9,2017
613,1776,"Oct 9, 2017",10,9,2017
614,1777,"Jun 13, 2017",6,13,2017
615,1778,"Oct 9, 2017",10,9,2017
616,1779,"Oct 9, 2017",10,9,2017
617,1780,"Oct 9, 2017",10,9,2017
618,1781,"Oct 5, 2017",10,5,2017
619,1782,"Oct 9, 2017",10,9,2017
620,1784,"Oct 10, 2017",10,10,2017
621,1786,"Oct 10, 2017",10,10,2017
622,1787,"Sep 25, 2017",9,25,2017
623,1788,"Oct 9, 2017",10,9,2017
624,1790,"Oct 9, 2017",10,9,2017
625,1792,"Oct 6, 2017",10,6,2017
626,1793,"Oct 9, 2017",10,9,2017
627,1794,"Dec 15, 2017",12,15,2017
628,1795,"Oct 9, 2017",10,9,2017
629,1797,"Oct 5, 2017",10,5,2017
630,1799,"Oct 12, 2017",10,12,2017
631,1801,"Oct 9, 2017",10,9,2017
632,1803,missing,12,31,2099
633,1804,"Oct 10, 2017",10,10,2017
634,1805,"Oct 9, 2017",10,9,2017
635,1807,"Oct 9, 2017",10,9,2017
636,1811,"Oct 10, 2017",10,10,2017
637,1812,"Oct 10, 2017",10,10,2017
638,1813,"Oct 10, 2017",10,10,2017
639,1814,"Oct 10, 2017",10,10,2017
640,1815,"Oct 9, 2017",10,9,2017
641,1816,"Oct 10, 2017",10,10,2017
642,1817,"Oct 9, 2017",10,9,2017
643,1818,"Oct 9, 2017",10,9,2017
644,1819,"Oct 11, 2017",10,11,2017
645,1820,missing,12,31,2099
646,1821,missing,12,31,2099
647,1822,"Oct 11, 2017",10,11,2017
648,1823,"Oct 10, 2017",10,10,2017
649,1824,"Oct 10, 2017",10,10,2017
650,1825,"Oct 10, 2017",10,10,2017
651,1826,"Oct 10, 2017",10,10,2017
652,1827,"Oct 10, 2017",10,10,2017
653,1828,"Oct 10, 2017",10,10,2017
654,1829,"Oct 10, 2017",10,10,2017
655,1830,"Oct 10, 2017",10,10,2017
656,1831,"Oct 10, 2017",10,10,2017
657,1832,"Oct 10, 2017",10,10,2017
658,1833,"Oct 10, 2017",10,10,2017
659,1834,"Oct 10, 2017",10,10,2017
660,1835,"Oct 10, 2017",10,10,2017
661,1836,"Oct 10, 2017",10,10,2017
662,1837,"Oct 10, 2017",10,10,2017
663,1838,"Oct 10, 2017",10,10,2017
664,1840,"Oct 10, 2017",10,10,2017
665,1841,"Oct 10, 2017",10,10,2017
666,1842,missing,12,31,2099
667,1843,"Oct 10, 2017",10,10,2017
668,1844,"Oct 10, 2017",10,10,2017
669,1845,"Oct 10, 2017",10,10,2017
670,1846,"Oct 11, 2017",10,11,2017
671,1847,"Oct 10, 2017",10,10,2017
672,1848,"Oct 11, 2017",10,11,2017
673,1849,"Oct 10, 2017",10,10,2017
674,1850,"Oct 10, 2017",10,10,2017
675,1851,missing,12,31,2099
676,1852,"Oct 11, 2017",10,11,2017
677,1853,"Oct 10, 2017",10,10,2017
678,1854,"Oct 10, 2017",10,10,2017
679,1855,"Oct 10, 2017",10,10,2017
680,1856,"Oct 10, 2017",10,10,2017
681,1857,missing,12,31,2099
682,1858,"Oct 5, 2017",10,5,2017
683,1859,"Oct 11, 2017",10,11,2017
684,1860,"Oct 10, 2017",10,10,2017
685,1861,"Oct 10, 2017",10,10,2017
686,1862,"Oct 10, 2017",10,10,2017
687,1864,"Oct 11, 2017",10,11,2017
688,1865,"Oct 11, 2017",10,11,2017
689,1866,"Oct 11, 2017",10,11,2017
690,1867,"Oct 11, 2017",10,11,2017
691,1868,"Oct 11, 2017",10,11,2017
692,1869,"Oct 11, 2017",10,11,2017
693,1870,"Oct 11, 2017",10,11,2017
694,1871,"Oct 11, 2017",10,11,2017
695,1872,"Oct 12, 2017",10,12,2017
696,1873,"Oct 11, 2017",10,11,2017
697,1874,"Oct 11, 2017",10,11,2017
698,1875,missing,12,31,2099
699,1876,"Oct 12, 2017",10,12,2017
700,1877,"Oct 11, 2017",10,11,2017
701,1878,"Oct 11, 2017",10,11,2017
702,1879,"Oct 12, 2017",10,12,2017
703,1880,"Oct 9, 2017",10,9,2017
704,1881,"Oct 10, 2017",10,10,2017
705,1882,"Oct 11, 2017",10,11,2017
706,1883,"Oct 11, 2017",10,11,2017
707,1884,missing,12,31,2099
708,1885,"Oct 11, 2017",10,11,2017
709,1886,"Oct 11, 2017",10,11,2017
710,1887,"Oct 11, 2017",10,11,2017
711,1888,"Oct 13, 2017",10,13,2017
712,1890,"Oct 11, 2017",10,11,2017
713,1891,"Oct 12, 2017",10,12,2017
714,1892,"Oct 10, 2017",10,10,2017
715,1893,"Oct 10, 2017",10,10,2017
716,1894,"Oct 11, 2017",10,11,2017
717,1895,"Oct 11, 2017",10,11,2017
718,1896,"Oct 11, 2017",10,11,2017
719,1897,"Oct 11, 2017",10,11,2017
720,1898,"Oct 11, 2017",10,11,2017
721,1899,"Oct 11, 2017",10,11,2017
722,1900,"Oct 11, 2017",10,11,2017
723,1901,"Oct 11, 2017",10,11,2017
724,1902,"Oct 12, 2017",10,12,2017
725,1903,"Oct 11, 2017",10,11,2017
726,1904,"Oct 12, 2017",10,12,2017
727,1905,"Oct 11, 2017",10,11,2017
728,1906,"Oct 11, 2017",10,11,2017
729,1907,"Oct 12, 2017",10,12,2017
730,1908,"Oct 12, 2017",10,12,2017
731,1909,"May 8, 2017",5,8,2017
732,1910,"Oct 12, 2017",10,12,2017
733,1911,"Oct 12, 2017",10,12,2017
734,1912,"Oct 13, 2017",10,13,2017
735,1913,"Dec 21, 2017",12,21,2017
736,1914,"Oct 11, 2017",10,11,2017
737,1915,"Oct 12, 2017",10,12,2017
738,1916,"Oct 12, 2017",10,12,2017
739,1917,"Oct 12, 2017",10,12,2017
740,1918,"Oct 12, 2017",10,12,2017
741,1919,"Oct 12, 2017",10,12,2017
742,1920,"Oct 12, 2017",10,12,2017
743,1921,"Oct 12, 2017",10,12,2017
744,1922,"Oct 11, 2017",10,11,2017
745,1923,"Oct 12, 2017",10,12,2017
746,1924,"Oct 12, 2017",10,12,2017
747,1925,"Oct 12, 2017",10,12,2017
748,1927,"Oct 12, 2017",10,12,2017
749,1928,"Oct 12, 2017",10,12,2017
750,1929,"Oct 12, 2017",10,12,2017
751,1930,missing,12,31,2099
752,1931,missing,12,31,2099
753,1932,"Oct 13, 2017",10,13,2017
754,1933,"Oct 12, 2017",10,12,2017
755,1934,"Oct 12, 2017",10,12,2017
756,1935,missing,12,31,2099
757,1936,"Oct 16, 2017",10,16,2017
758,1937,"Oct 10, 2017",10,10,2017
759,1938,"Oct 11, 2017",10,11,2017
760,1939,"Oct 13, 2017",10,13,2017
761,1940,"Oct 12, 2017",10,12,2017
762,1941,"Oct 12, 2017",10,12,2017
763,1942,"Oct 12, 2017",10,12,2017
764,1943,"Oct 12, 2017",10,12,2017
765,1944,"Oct 13, 2017",10,13,2017
766,1945,"Oct 13, 2017",10,13,2017
767,1946,"Oct 13, 2017",10,13,2017
768,1947,"Oct 13, 2017",10,13,2017
769,1948,"Oct 12, 2017",10,12,2017
770,1949,missing,12,31,2099
771,1950,"Oct 13, 2017",10,13,2017
772,1951,"Oct 13, 2017",10,13,2017
773,1952,"Oct 13, 2017",10,13,2017
774,1953,"Oct 13, 2017",10,13,2017
775,1954,"Oct 13, 2017",10,13,2017
776,1955,"Oct 12, 2017",10,12,2017
777,1956,"Oct 13, 2017",10,13,2017
778,1957,"Oct 12, 2017",10,12,2017
779,1958,"Oct 13, 2017",10,13,2017
780,1959,"Oct 11, 2017",10,11,2017
781,1960,"Oct 13, 2017",10,13,2017
782,1961,"Oct 13, 2017",10,13,2017
783,1962,"Oct 13, 2017",10,13,2017
784,1963,"Oct 13, 2017",10,13,2017
785,1964,"Oct 13, 2017",10,13,2017
786,1965,"Oct 13, 2017",10,13,2017
787,1966,"Oct 13, 2017",10,13,2017
788,1967,"Oct 13, 2017",10,13,2017
789,1968,"Oct 13, 2017",10,13,2017
790,1969,"Oct 14, 2017",10,14,2017
791,1970,"Sep 12, 2017",9,12,2017
792,1971,"Oct 13, 2017",10,13,2017
793,1972,"Oct 13, 2017",10,13,2017
794,1974,"Oct 13, 2017",10,13,2017
795,1975,"Nov 17, 2017",11,17,2017
796,1976,"Oct 13, 2017",10,13,2017
797,1977,"Oct 13, 2017",10,13,2017
798,1978,"Oct 13, 2017",10,13,2017
799,1979,"Oct 13, 2017",10,13,2017
800,1980,"Oct 13, 2017",10,13,2017
801,1981,"Oct 19, 2017",10,19,2017
802,1982,missing,12,31,2099
803,1983,"Oct 13, 2017",10,13,2017
804,1984,"Oct 13, 2017",10,13,2017
805,1985,missing,12,31,2099
806,1986,"Oct 13, 2017",10,13,2017
807,1987,"Oct 13, 2017",10,13,2017
808,1988,"Oct 14, 2017",10,14,2017
809,1989,"Oct 14, 2017",10,14,2017
810,1990,"Oct 13, 2017",10,13,2017
811,1991,"Oct 14, 2017",10,14,2017
812,1992,"Oct 14, 2017",10,14,2017
813,1993,"Oct 13, 2017",10,13,2017
814,1994,"Oct 16, 2017",10,16,2017
815,1995,"Oct 13, 2017",10,13,2017
816,1996,missing,12,31,2099
817,1997,"Oct 14, 2017",10,14,2017
818,1998,"Oct 13, 2017",10,13,2017
819,1999,"Oct 12, 2017",10,12,2017
820,2000,"Nov 27, 2017",11,27,2017
821,2001,"Oct 12, 2017",10,12,2017
822,2002,"Oct 14, 2017",10,14,2017
823,2003,missing,12,31,2099
824,2004,"Oct 11, 2017",10,11,2017
825,2005,"Oct 14, 2017",10,14,2017
826,2006,"Oct 13, 2017",10,13,2017
827,2007,"Oct 14, 2017",10,14,2017
828,2008,missing,12,31,2099
829,2009,"Aug 23, 2017",8,23,2017
830,2011,"Oct 14, 2017",10,14,2017
831,2012,missing,12,31,2099
832,2014,missing,12,31,2099
833,2015,"Oct 14, 2017",10,14,2017
834,2016,"Oct 14, 2017",10,14,2017
835,2017,"Oct 13, 2017",10,13,2017
836,2018,"Oct 14, 2017",10,14,2017
837,2019,"Oct 14, 2017",10,14,2017
838,2020,"Oct 14, 2017",10,14,2017
839,2021,"Oct 14, 2017",10,14,2017
840,2022,"Oct 14, 2017",10,14,2017
841,2023,"Oct 14, 2017",10,14,2017
842,2024,"Oct 14, 2017",10,14,2017
843,2025,"Oct 16, 2017",10,16,2017
844,2026,missing,12,31,2099
845,2028,"Oct 16, 2017",10,16,2017
846,2029,"Oct 14, 2017",10,14,2017
847,2030,"Oct 14, 2017",10,14,2017
848,2031,"Oct 15, 2017",10,15,2017
849,2032,"Oct 13, 2017",10,13,2017
850,2033,"Oct 15, 2017",10,15,2017
851,2034,"Oct 14, 2017",10,14,2017
852,2035,"Oct 15, 2017",10,15,2017
853,2036,"Oct 15, 2017",10,15,2017
854,2037,"Oct 15, 2017",10,15,2017
855,2038,"Oct 13, 2017",10,13,2017
856,2039,"Oct 13, 2017",10,13,2017
857,2040,"Oct 13, 2017",10,13,2017
858,2041,missing,12,31,2099
859,2042,"Oct 15, 2017",10,15,2017
860,2043,"Oct 11, 2017",10,11,2017
861,2044,"Oct 11, 2017",10,11,2017
862,2045,"Oct 14, 2017",10,14,2017
863,2046,"Oct 15, 2017",10,15,2017
864,2047,"Oct 11, 2017",10,11,2017
865,2048,"Oct 15, 2017",10,15,2017
866,2049,"Oct 14, 2017",10,14,2017
867,2050,"Oct 16, 2017",10,16,2017
868,2051,"Oct 10, 2017",10,10,2017
869,2052,"Dec 5, 2017",12,5,2017
870,2053,"Oct 16, 2017",10,16,2017
871,2055,"Oct 13, 2017",10,13,2017
872,2056,"Oct 16, 2017",10,16,2017
873,2057,"Oct 15, 2017",10,15,2017
874,2058,"Oct 15, 2017",10,15,2017
875,2059,"Oct 16, 2017",10,16,2017
876,2060,"Oct 16, 2017",10,16,2017
877,2061,"Oct 16, 2017",10,16,2017
878,2062,"Oct 15, 2017",10,15,2017
879,2063,"Oct 16, 2017",10,16,2017
880,2064,missing,12,31,2099
881,2066,"Oct 16, 2017",10,16,2017
882,2067,"Oct 17, 2017",10,17,2017
883,2068,"Oct 16, 2017",10,16,2017
884,2069,"Oct 16, 2017",10,16,2017
885,2070,missing,12,31,2099
886,2071,"Oct 16, 2017",10,16,2017
887,2072,"Oct 17, 2017",10,17,2017
888,2073,"Oct 16, 2017",10,16,2017
889,2074,"Oct 16, 2017",10,16,2017
890,2075,"Oct 16, 2017",10,16,2017
891,2076,"Oct 16, 2017",10,16,2017
892,2077,"Oct 16, 2017",10,16,2017
893,2078,"Oct 16, 2017",10,16,2017
894,2079,"Oct 16, 2017",10,16,2017
895,2080,"Oct 15, 2017",10,15,2017
896,2081,"Oct 16, 2017",10,16,2017
897,2082,"Oct 16, 2017",10,16,2017
898,2083,"Oct 16, 2017",10,16,2017
899,2085,missing,12,31,2099
900,2086,"Oct 16, 2017",10,16,2017
901,2088,"Oct 16, 2017",10,16,2017
902,2089,"Oct 16, 2017",10,16,2017
903,2090,"Oct 16, 2017",10,16,2017
904,2091,"Oct 17, 2017",10,17,2017
905,2093,"Oct 16, 2017",10,16,2017
906,2095,"Oct 16, 2017",10,16,2017
907,2096,"Oct 16, 2017",10,16,2017
908,2098,"Oct 16, 2017",10,16,2017
909,2099,"Oct 16, 2017",10,16,2017
910,2103,"Oct 16, 2017",10,16,2017
911,2104,"Oct 17, 2017",10,17,2017
912,2107,"Oct 16, 2017",10,16,2017
913,2108,"Oct 16, 2017",10,16,2017
914,2109,"Oct 16, 2017",10,16,2017
915,2110,"Oct 17, 2017",10,17,2017
916,2112,"Oct 17, 2017",10,17,2017
917,2113,"Oct 16, 2017",10,16,2017
918,2114,"Oct 17, 2017",10,17,2017
919,2115,missing,12,31,2099
920,2116,"Oct 17, 2017",10,17,2017
921,2117,missing,12,31,2099
922,2119,"Oct 17, 2017",10,17,2017
923,2120,"Oct 18, 2017",10,18,2017
924,2121,"Oct 17, 2017",10,17,2017
925,2122,missing,12,31,2099
926,2123,"Oct 18, 2017",10,18,2017
927,2124,"Oct 17, 2017",10,17,2017
928,2125,"Oct 18, 2017",10,18,2017
929,2126,"Oct 13, 2017",10,13,2017
930,2127,"Oct 17, 2017",10,17,2017
931,2128,"Oct 17, 2017",10,17,2017
932,2129,"Oct 14, 2017",10,14,2017
933,2130,missing,12,31,2099
934,2131,"Oct 17, 2017",10,17,2017
935,2132,"Oct 17, 2017",10,17,2017
936,2133,"Oct 17, 2017",10,17,2017
937,2135,"Oct 17, 2017",10,17,2017
938,2136,"Oct 17, 2017",10,17,2017
939,2137,"Oct 18, 2017",10,18,2017
940,2138,"Oct 17, 2017",10,17,2017
941,2139,"Oct 17, 2017",10,17,2017
942,2140,missing,12,31,2099
943,2141,"Jun 27, 2017",6,27,2017
944,2142,"Oct 13, 2017",10,13,2017
945,2143,missing,12,31,2099
946,2144,"Oct 17, 2017",10,17,2017
947,2145,missing,12,31,2099
948,2146,"Oct 18, 2017",10,18,2017
949,2147,"Oct 17, 2017",10,17,2017
950,2148,"Oct 20, 2017",10,20,2017
951,2149,"Oct 17, 2017",10,17,2017
952,2150,"Oct 17, 2017",10,17,2017
953,2151,"Oct 18, 2017",10,18,2017
954,2152,"Oct 16, 2017",10,16,2017
955,2153,"Oct 18, 2017",10,18,2017
956,2154,"Oct 17, 2017",10,17,2017
957,2155,"Oct 18, 2017",10,18,2017
958,2156,"Oct 17, 2017",10,17,2017
959,2157,"Oct 17, 2017",10,17,2017
960,2158,"Oct 17, 2017",10,17,2017
961,2160,"Oct 18, 2017",10,18,2017
962,2161,"Oct 18, 2017",10,18,2017
963,2162,"Oct 18, 2017",10,18,2017
964,2163,"Oct 19, 2017",10,19,2017
965,2164,"Oct 18, 2017",10,18,2017
966,2165,"Oct 18, 2017",10,18,2017
967,2166,"Oct 19, 2017",10,19,2017
968,2167,"Oct 18, 2017",10,18,2017
969,2168,"Oct 19, 2017",10,19,2017
970,2169,"Oct 18, 2017",10,18,2017
971,2170,"Oct 19, 2017",10,19,2017
972,2171,"Oct 18, 2017",10,18,2017
973,2172,"Oct 18, 2017",10,18,2017
974,2173,"Oct 18, 2017",10,18,2017
975,2174,"Oct 18, 2017",10,18,2017
976,2175,"Oct 18, 2017",10,18,2017
977,2176,missing,12,31,2099
978,2177,"Oct 18, 2017",10,18,2017
979,2178,"Oct 18, 2017",10,18,2017
980,2179,"Oct 18, 2017",10,18,2017
981,2180,"Oct 18, 2017",10,18,2017
982,2181,missing,12,31,2099
983,2182,"Oct 17, 2017",10,17,2017
984,2183,"Oct 18, 2017",10,18,2017
985,2185,"Oct 19, 2017",10,19,2017
986,2187,"Oct 17, 2017",10,17,2017
987,2189,"Oct 18, 2017",10,18,2017
988,2190,"Oct 18, 2017",10,18,2017
989,2191,"Oct 19, 2017",10,19,2017
990,2193,"Oct 18, 2017",10,18,2017
991,2195,"Oct 18, 2017",10,18,2017
992,2196,"Oct 17, 2017",10,17,2017
993,2198,"Oct 24, 2017",10,24,2017
994,2206,"Oct 18, 2017",10,18,2017
995,2208,"Oct 18, 2017",10,18,2017
996,2209,"Oct 18, 2017",10,18,2017
997,2210,"Oct 18, 2017",10,18,2017
998,2211,"Oct 19, 2017",10,19,2017
999,2212,missing,12,31,2099
1000,2213,"Oct 18, 2017",10,18,2017
1001,2214,"Nov 28, 2017",11,28,2017
1002,2215,missing,12,31,2099
1003,2216,missing,12,31,2099
1004,2217,"Oct 26, 2017",10,26,2017
1005,2218,"Oct 20, 2017",10,20,2017
1006,2219,"Oct 19, 2017",10,19,2017
1007,2220,"Oct 19, 2017",10,19,2017
1008,2221,missing,12,31,2099
1009,2222,"Oct 19, 2017",10,19,2017
1010,2223,"Oct 19, 2017",10,19,2017
1011,2224,"Oct 20, 2017",10,20,2017
1012,2225,"Oct 19, 2017",10,19,2017
1013,2226,"Oct 20, 2017",10,20,2017
1014,2227,missing,12,31,2099
1015,2228,"Oct 19, 2017",10,19,2017
1016,2229,"Oct 19, 2017",10,19,2017
1017,2230,"Oct 19, 2017",10,19,2017
1018,2231,"Oct 17, 2017",10,17,2017
1019,2232,"Oct 18, 2017",10,18,2017
1020,2233,"Oct 18, 2017",10,18,2017
1021,2234,"Sep 6, 2017",9,6,2017
1022,2235,"Oct 26, 2017",10,26,2017
1023,2236,"Oct 19, 2017",10,19,2017
1024,2237,"Oct 19, 2017",10,19,2017
1025,2238,"Oct 20, 2017",10,20,2017
1026,2239,"Oct 19, 2017",10,19,2017
1027,2240,"Oct 19, 2017",10,19,2017
1028,2241,missing,12,31,2099
1029,2242,"Oct 19, 2017",10,19,2017
1030,2243,"Oct 18, 2017",10,18,2017
1031,2245,"Oct 19, 2017",10,19,2017
1032,2247,"Oct 18, 2017",10,18,2017
1033,2248,"Sep 26, 2017",9,26,2017
1034,2251,"Oct 16, 2017",10,16,2017
1035,2254,"Oct 19, 2017",10,19,2017
1036,2264,"Oct 18, 2017",10,18,2017
1037,2265,"Oct 17, 2017",10,17,2017
1038,2266,"Oct 20, 2017",10,20,2017
1039,2274,"Oct 19, 2017",10,19,2017
1040,2275,"Oct 19, 2017",10,19,2017
1041,2276,"Oct 19, 2017",10,19,2017
1042,2283,"Oct 20, 2017",10,20,2017
1043,2284,"Oct 20, 2017",10,20,2017
1044,2285,missing,12,31,2099
1045,2286,"Dec 2, 2017",12,2,2017
1046,2287,"Oct 25, 2017",10,25,2017
1047,2288,"Oct 21, 2017",10,21,2017
1048,2289,"Oct 19, 2017",10,19,2017
1049,2290,"Aug 21, 2017",8,21,2017
1050,2291,"Oct 20, 2017",10,20,2017
1051,2292,"Oct 20, 2017",10,20,2017
1052,2293,"Oct 20, 2017",10,20,2017
1053,2294,"Oct 20, 2017",10,20,2017
1054,2295,"Oct 20, 2017",10,20,2017
1055,2296,"Oct 20, 2017",10,20,2017
1056,2297,"Oct 19, 2017",10,19,2017
1057,2298,"Oct 22, 2017",10,22,2017
1058,2299,"Oct 19, 2017",10,19,2017
1059,2300,"Oct 19, 2017",10,19,2017
1060,2301,"Oct 20, 2017",10,20,2017
1061,2302,"Oct 20, 2017",10,20,2017
1062,2303,"Oct 20, 2017",10,20,2017
1063,2304,"Oct 20, 2017",10,20,2017
1064,2305,"Oct 20, 2017",10,20,2017
1065,2306,"Oct 20, 2017",10,20,2017
1066,2307,"Oct 20, 2017",10,20,2017
1067,2308,"Oct 20, 2017",10,20,2017
1068,2309,"Oct 23, 2017",10,23,2017
1069,2310,"Oct 20, 2017",10,20,2017
1070,2311,"Oct 20, 2017",10,20,2017
1071,2312,"Oct 21, 2017",10,21,2017
1072,2313,"Oct 20, 2017",10,20,2017
1073,2314,"Oct 20, 2017",10,20,2017
1074,2315,"Oct 20, 2017",10,20,2017
1075,2316,"Oct 23, 2017",10,23,2017
1076,2322,"Oct 21, 2017",10,21,2017
1077,2324,"Oct 20, 2017",10,20,2017
1078,2326,"Oct 20, 2017",10,20,2017
1079,2327,"Oct 20, 2017",10,20,2017
1080,2336,"Oct 24, 2017",10,24,2017
1081,2338,"Oct 21, 2017",10,21,2017
1082,2339,"Oct 21, 2017",10,21,2017
1083,2340,"Oct 21, 2017",10,21,2017
1084,2341,"Oct 21, 2017",10,21,2017
1085,2342,"Oct 20, 2017",10,20,2017
1086,2343,"Oct 21, 2017",10,21,2017
1087,2344,"Oct 20, 2017",10,20,2017
1088,2345,"Oct 20, 2017",10,20,2017
1089,2346,"Oct 13, 2017",10,13,2017
1090,2347,"Oct 21, 2017",10,21,2017
1091,2348,"Oct 19, 2017",10,19,2017
1092,2349,"Oct 19, 2017",10,19,2017
1093,2350,"Oct 20, 2017",10,20,2017
1094,2351,"Oct 20, 2017",10,20,2017
1095,2352,"Oct 20, 2017",10,20,2017
1096,2353,missing,12,31,2099
1097,2354,"Oct 21, 2017",10,21,2017
1098,2355,"Oct 24, 2017",10,24,2017
1099,2356,"Oct 21, 2017",10,21,2017
1100,2357,"Oct 21, 2017",10,21,2017
1101,2358,"Oct 21, 2017",10,21,2017
1102,2359,"Oct 21, 2017",10,21,2017
1103,2360,"Oct 21, 2017",10,21,2017
1104,2361,"Oct 21, 2017",10,21,2017
1105,2364,"Oct 22, 2017",10,22,2017
1106,2365,"Oct 21, 2017",10,21,2017
1107,2368,"Oct 22, 2017",10,22,2017
1108,2373,"Oct 21, 2017",10,21,2017
1109,2374,"Oct 21, 2017",10,21,2017
1110,2375,"Oct 21, 2017",10,21,2017
1111,2386,"Oct 22, 2017",10,22,2017
1112,2387,missing,12,31,2099
1113,2388,"Oct 23, 2017",10,23,2017
1114,2389,"Oct 22, 2017",10,22,2017
1115,2390,"Oct 22, 2017",10,22,2017
1116,2391,missing,12,31,2099
1117,2392,"Oct 22, 2017",10,22,2017
1118,2393,"Oct 22, 2017",10,22,2017
1119,2394,missing,12,31,2099
1120,2395,"Oct 20, 2017",10,20,2017
1121,2396,"Oct 20, 2017",10,20,2017
1122,2397,"Oct 20, 2017",10,20,2017
1123,2398,"Oct 18, 2017",10,18,2017
1124,2399,"Oct 20, 2017",10,20,2017
1125,2400,"Oct 19, 2017",10,19,2017
1126,2401,missing,12,31,2099
1127,2402,missing,12,31,2099
1128,2403,"Oct 22, 2017",10,22,2017
1129,2404,missing,12,31,2099
1130,2405,"Oct 22, 2017",10,22,2017
1131,2406,"Oct 22, 2017",10,22,2017
1132,2407,"Oct 22, 2017",10,22,2017
1133,2408,"Oct 22, 2017",10,22,2017
1134,2409,"Oct 22, 2017",10,22,2017
1135,2410,"Oct 23, 2017",10,23,2017
1136,2411,"Oct 19, 2017",10,19,2017
1137,2412,"Oct 23, 2017",10,23,2017
1138,2413,"Oct 22, 2017",10,22,2017
1139,2417,"Oct 23, 2017",10,23,2017
1140,2418,missing,12,31,2099
1141,2419,"Oct 23, 2017",10,23,2017
1142,2424,"Oct 20, 2017",10,20,2017
1143,2428,"Mar 30, 2017",3,30,2017
1144,2429,"Oct 24, 2017",10,24,2017
1145,2430,"Oct 22, 2017",10,22,2017
1146,2431,"Oct 20, 2017",10,20,2017
1147,2432,"Oct 24, 2017",10,24,2017
1148,2433,"Oct 21, 2017",10,21,2017
1149,2434,"Oct 20, 2017",10,20,2017
1150,2435,"Oct 23, 2017",10,23,2017
1151,2436,"Oct 24, 2017",10,24,2017
1152,2437,"Oct 24, 2017",10,24,2017
1153,2438,"Oct 24, 2017",10,24,2017
1154,2440,missing,12,31,2099
1155,2441,"Oct 23, 2017",10,23,2017
1156,2442,"Oct 23, 2017",10,23,2017
1157,2443,"Oct 23, 2017",10,23,2017
1158,2444,"Oct 23, 2017",10,23,2017
1159,2445,"Dec 15, 2017",12,15,2017
1160,2447,"Oct 23, 2017",10,23,2017
1161,2448,"Oct 23, 2017",10,23,2017
1162,2449,"Oct 23, 2017",10,23,2017
1163,2450,"Oct 23, 2017",10,23,2017
1164,2451,"Oct 23, 2017",10,23,2017
1165,2453,"Oct 23, 2017",10,23,2017
1166,2455,"Oct 23, 2017",10,23,2017
1167,2456,"Oct 24, 2017",10,24,2017
1168,2458,"Oct 23, 2017",10,23,2017
1169,2460,"Oct 24, 2017",10,24,2017
1170,2461,"Oct 23, 2017",10,23,2017
1171,2463,"Oct 24, 2017",10,24,2017
1172,2464,"Oct 23, 2017",10,23,2017
1173,2466,"Oct 29, 2017",10,29,2017
1174,2473,"Oct 24, 2017",10,24,2017
1175,2474,"Oct 23, 2017",10,23,2017
1176,2476,"Oct 23, 2017",10,23,2017
1177,2482,"Oct 24, 2017",10,24,2017
1178,2483,"Oct 23, 2017",10,23,2017
1179,2484,"Oct 23, 2017",10,23,2017
1180,2486,"Oct 23, 2017",10,23,2017
1181,2505,"Oct 24, 2017",10,24,2017
1182,2506,"Oct 24, 2017",10,24,2017
1183,2507,"Oct 25, 2017",10,25,2017
1184,2508,"Oct 24, 2017",10,24,2017
1185,2509,"Oct 25, 2017",10,25,2017
1186,2510,"Oct 24, 2017",10,24,2017
1187,2511,"Oct 24, 2017",10,24,2017
1188,2512,"Oct 24, 2017",10,24,2017
1189,2514,"Oct 24, 2017",10,24,2017
1190,2515,"Oct 24, 2017",10,24,2017
1191,2516,"Oct 24, 2017",10,24,2017
1192,2517,"Oct 24, 2017",10,24,2017
1193,2518,"Oct 24, 2017",10,24,2017
1194,2519,"Oct 24, 2017",10,24,2017
1195,2520,"Oct 24, 2017",10,24,2017
1196,2521,"Oct 23, 2017",10,23,2017
1197,2522,missing,12,31,2099
1198,2523,"Oct 23, 2017",10,23,2017
1199,2524,"Oct 23, 2017",10,23,2017
1200,2525,"Nov 14, 2017",11,14,2017
1201,2526,"Oct 25, 2017",10,25,2017
1202,2528,"Oct 24, 2017",10,24,2017
1203,2530,"Oct 24, 2017",10,24,2017
1204,2531,"Oct 24, 2017",10,24,2017
1205,2532,"Oct 24, 2017",10,24,2017
1206,2534,"Oct 24, 2017",10,24,2017
1207,2535,"Oct 24, 2017",10,24,2017
1208,2537,"Oct 24, 2017",10,24,2017
1209,2538,"Oct 29, 2017",10,29,2017
1210,2539,"Oct 24, 2017",10,24,2017
1211,2543,"Oct 25, 2017",10,25,2017
1212,2545,"Oct 25, 2017",10,25,2017
1213,2546,"Oct 24, 2017",10,24,2017
1214,2548,"Oct 25, 2017",10,25,2017
1215,2556,"Oct 24, 2017",10,24,2017
1216,2558,"Oct 24, 2017",10,24,2017
1217,2559,"Oct 23, 2017",10,23,2017
1218,2560,missing,12,31,2099
1219,2561,"Oct 24, 2017",10,24,2017
1220,2562,missing,12,31,2099
1221,2563,"Oct 25, 2017",10,25,2017
1222,2565,"Oct 26, 2017",10,26,2017
1223,2566,"Oct 26, 2017",10,26,2017
1224,2567,"Oct 25, 2017",10,25,2017
1225,2568,"Oct 26, 2017",10,26,2017
1226,2569,"Oct 25, 2017",10,25,2017
1227,2570,"Oct 24, 2017",10,24,2017
1228,2571,"Oct 24, 2017",10,24,2017
1229,2572,"Oct 25, 2017",10,25,2017
1230,2573,"Oct 21, 2017",10,21,2017
1231,2574,"Oct 25, 2017",10,25,2017
1232,2575,"Oct 23, 2017",10,23,2017
1233,2576,"Oct 25, 2017",10,25,2017
1234,2577,"Oct 25, 2017",10,25,2017
1235,2578,"Oct 25, 2017",10,25,2017
1236,2580,"Oct 25, 2017",10,25,2017
1237,2582,"Oct 25, 2017",10,25,2017
1238,2584,missing,12,31,2099
1239,2585,"Oct 25, 2017",10,25,2017
1240,2587,missing,12,31,2099
1241,2589,"Oct 26, 2017",10,26,2017
1242,2590,"Oct 26, 2017",10,26,2017
1243,2592,"Oct 25, 2017",10,25,2017
1244,2593,"Oct 26, 2017",10,26,2017
1245,2595,"Oct 25, 2017",10,25,2017
1246,2596,"Oct 25, 2017",10,25,2017
1247,2597,"Oct 25, 2017",10,25,2017
1248,2599,"Oct 25, 2017",10,25,2017
1249,2600,"Oct 25, 2017",10,25,2017
1250,2602,"Oct 26, 2017",10,26,2017
1251,2609,"Oct 25, 2017",10,25,2017
1252,2612,"Oct 25, 2017",10,25,2017
1253,2614,"Oct 25, 2017",10,25,2017
1254,2616,"Oct 27, 2017",10,27,2017
1255,2617,"Oct 26, 2017",10,26,2017
1256,2618,"Oct 26, 2017",10,26,2017
1257,2619,"Oct 25, 2017",10,25,2017
1258,2620,"Oct 25, 2017",10,25,2017
1259,2621,"Aug 14, 2017",8,14,2017
1260,2622,"Oct 26, 2017",10,26,2017
1261,2623,"Oct 26, 2017",10,26,2017
1262,2624,"Jan 10, 2018",1,10,2018
1263,2625,"Oct 25, 2017",10,25,2017
1264,2626,"Oct 27, 2017",10,27,2017
1265,2627,"Oct 26, 2017",10,26,2017
1266,2628,"Oct 26, 2017",10,26,2017
1267,2629,"Oct 26, 2017",10,26,2017
1268,2630,"Oct 26, 2017",10,26,2017
1269,2631,"Oct 26, 2017",10,26,2017
1270,2632,"Oct 25, 2017",10,25,2017
1271,2633,"Oct 27, 2017",10,27,2017
1272,2634,"Oct 26, 2017",10,26,2017
1273,2635,"Oct 25, 2017",10,25,2017
1274,2636,"Oct 26, 2017",10,26,2017
1275,2637,"Oct 22, 2017",10,22,2017
1276,2638,"Oct 26, 2017",10,26,2017
1277,2639,"Oct 26, 2017",10,26,2017
1278,2640,"Oct 26, 2017",10,26,2017
1279,2641,"Oct 26, 2017",10,26,2017
1280,2642,"Oct 26, 2017",10,26,2017
1281,2643,"Oct 23, 2017",10,23,2017
1282,2644,missing,12,31,2099
1283,2645,"Oct 24, 2017",10,24,2017
1284,2646,"Oct 26, 2017",10,26,2017
1285,2647,"Oct 26, 2017",10,26,2017
1286,2648,"Oct 27, 2017",10,27,2017
1287,2649,"Oct 26, 2017",10,26,2017
1288,2650,"Oct 26, 2017",10,26,2017
1289,2651,"Oct 26, 2017",10,26,2017
1290,2652,"Oct 26, 2017",10,26,2017
1291,2653,"Oct 26, 2017",10,26,2017
1292,2654,"Oct 27, 2017",10,27,2017
1293,2655,"Oct 26, 2017",10,26,2017
1294,2656,"Oct 26, 2017",10,26,2017
1295,2657,"Oct 27, 2017",10,27,2017
1296,2658,"Oct 27, 2017",10,27,2017
1297,2659,"Oct 26, 2017",10,26,2017
1298,2660,"Oct 27, 2017",10,27,2017
1299,2661,"Oct 27, 2017",10,27,2017
1300,2662,"Oct 27, 2017",10,27,2017
1301,2663,"Oct 28, 2017",10,28,2017
1302,2664,"Oct 27, 2017",10,27,2017
1303,2665,"Oct 28, 2017",10,28,2017
1304,2666,"Oct 27, 2017",10,27,2017
1305,2667,"Oct 27, 2017",10,27,2017
1306,2668,"Oct 27, 2017",10,27,2017
1307,2669,"Oct 26, 2017",10,26,2017
1308,2670,"Oct 27, 2017",10,27,2017
1309,2671,"Oct 27, 2017",10,27,2017
1310,2672,"Oct 27, 2017",10,27,2017
1311,2673,"Oct 27, 2017",10,27,2017
1312,2674,"Oct 27, 2017",10,27,2017
1313,2675,"Oct 27, 2017",10,27,2017
1314,2676,"Oct 27, 2017",10,27,2017
1315,2677,"Oct 27, 2017",10,27,2017
1316,2678,"Oct 27, 2017",10,27,2017
1317,2679,"Nov 22, 2017",11,22,2017
1318,2680,"Oct 27, 2017",10,27,2017
1319,2681,"Oct 28, 2017",10,28,2017
1320,2682,"Oct 27, 2017",10,27,2017
1321,2683,"Oct 27, 2017",10,27,2017
1322,2684,"Nov 30, 2017",11,30,2017
1323,2685,"Oct 27, 2017",10,27,2017
1324,2686,"Oct 27, 2017",10,27,2017
1325,2687,"Oct 27, 2017",10,27,2017
1326,2688,"Oct 27, 2017",10,27,2017
1327,2689,"Oct 27, 2017",10,27,2017
1328,2690,"Oct 28, 2017",10,28,2017
1329,2691,"Oct 28, 2017",10,28,2017
1330,2692,"Oct 29, 2017",10,29,2017
1331,2693,"Oct 27, 2017",10,27,2017
1332,2694,"Oct 27, 2017",10,27,2017
1333,2695,"Oct 29, 2017",10,29,2017
1334,2696,"Oct 27, 2017",10,27,2017
1335,2697,"Oct 27, 2017",10,27,2017
1336,2698,"Oct 28, 2017",10,28,2017
1337,2699,"Oct 27, 2017",10,27,2017
1338,2701,"Oct 28, 2017",10,28,2017
1339,2702,"Oct 27, 2017",10,27,2017
1340,2703,"Oct 27, 2017",10,27,2017
1341,2704,"Oct 28, 2017",10,28,2017
1342,2705,"Oct 28, 2017",10,28,2017
1343,2706,"Oct 28, 2017",10,28,2017
1344,2707,"Oct 28, 2017",10,28,2017
1345,2708,"Oct 28, 2017",10,28,2017
1346,2709,"Oct 28, 2017",10,28,2017
1347,2710,missing,12,31,2099
1348,2711,"Oct 29, 2017",10,29,2017
1349,2712,"Dec 19, 2017",12,19,2017
1350,2713,"Oct 26, 2017",10,26,2017
1351,2714,"Oct 28, 2017",10,28,2017
1352,2715,missing,12,31,2099
1353,2716,"Oct 28, 2017",10,28,2017
1354,2717,"Oct 29, 2017",10,29,2017
1355,2718,"Oct 28, 2017",10,28,2017
1356,2719,missing,12,31,2099
1357,2720,"Oct 27, 2017",10,27,2017
1358,2721,"Oct 28, 2017",10,28,2017
1359,2722,"Oct 27, 2017",10,27,2017
1360,2723,"Oct 28, 2017",10,28,2017
1361,2724,missing,12,31,2099
1362,2725,"Oct 29, 2017",10,29,2017
1363,2726,"Oct 28, 2017",10,28,2017
1364,2727,"Oct 29, 2017",10,29,2017
1365,2728,"Oct 26, 2017",10,26,2017
1366,2731,"Oct 28, 2017",10,28,2017
1367,2732,"Oct 29, 2017",10,29,2017
1368,2733,"Oct 28, 2017",10,28,2017
1369,2734,"Oct 28, 2017",10,28,2017
1370,2735,"Oct 29, 2017",10,29,2017
1371,2736,"Apr 10, 2017",4,10,2017
1372,2737,"Oct 27, 2017",10,27,2017
1373,2738,"Oct 29, 2017",10,29,2017
1374,2739,"Jan 16, 2017",1,16,2017
1375,2740,"Oct 29, 2017",10,29,2017
1376,2741,missing,12,31,2099
1377,2742,"Oct 27, 2017",10,27,2017
1378,2743,"Oct 20, 2017",10,20,2017
1379,2744,"Oct 27, 2017",10,27,2017
1380,2745,"Oct 27, 2017",10,27,2017
1381,2746,"Oct 26, 2017",10,26,2017
1382,2747,"Oct 26, 2017",10,26,2017
1383,2748,"Oct 29, 2017",10,29,2017
1384,2749,"Oct 29, 2017",10,29,2017
1385,2750,"Oct 29, 2017",10,29,2017
1386,2751,"Oct 29, 2017",10,29,2017
1387,2754,"Oct 29, 2017",10,29,2017
1388,2756,"Oct 29, 2017",10,29,2017
1389,2758,"Oct 29, 2017",10,29,2017
1390,2760,"Oct 29, 2017",10,29,2017
1391,2761,"Oct 29, 2017",10,29,2017
1392,2763,"Oct 29, 2017",10,29,2017
1393,2765,"Oct 27, 2017",10,27,2017
1394,2773,"Oct 31, 2017",10,31,2017
1395,2774,"Oct 30, 2017",10,30,2017
1396,2776,"Oct 29, 2017",10,29,2017
1397,2778,"Oct 29, 2017",10,29,2017
1398,2779,"Oct 30, 2017",10,30,2017
1399,2780,"Oct 29, 2017",10,29,2017
1400,2781,"Oct 29, 2017",10,29,2017
1401,2782,"Oct 29, 2017",10,29,2017
1402,2783,missing,12,31,2099
1403,2785,"Jan 4, 2018",1,4,2018
1404,2786,"Oct 30, 2017",10,30,2017
1405,2787,"Oct 30, 2017",10,30,2017
1406,2788,"Oct 30, 2017",10,30,2017
1407,2789,"Nov 4, 2017",11,4,2017
1408,2790,"Oct 30, 2017",10,30,2017
1409,2791,"Oct 30, 2017",10,30,2017
1410,2792,"Oct 30, 2017",10,30,2017
1411,2793,"Oct 30, 2017",10,30,2017
1412,2794,"Oct 30, 2017",10,30,2017
1413,2795,"May 11, 2017",5,11,2017
1414,2796,"Oct 27, 2017",10,27,2017
1415,2797,"Oct 30, 2017",10,30,2017
1416,2798,"Oct 30, 2017",10,30,2017
1417,2799,"Oct 30, 2017",10,30,2017
1418,2800,missing,12,31,2099
1419,2801,"Oct 30, 2017",10,30,2017
1420,2802,"Oct 30, 2017",10,30,2017
1421,2803,"Oct 29, 2017",10,29,2017
1422,2804,"Nov 1, 2017",11,1,2017
1423,2805,"Oct 30, 2017",10,30,2017
1424,2806,"Oct 31, 2017",10,31,2017
1425,2807,"Oct 30, 2017",10,30,2017
1426,2808,"Oct 30, 2017",10,30,2017
1427,2809,"Oct 27, 2017",10,27,2017
1428,2810,"Oct 29, 2017",10,29,2017
1429,2811,"Oct 26, 2017",10,26,2017
1430,2812,"Oct 31, 2017",10,31,2017
1431,2813,"Oct 31, 2017",10,31,2017
1432,2814,"Oct 30, 2017",10,30,2017
1433,2815,"Oct 31, 2017",10,31,2017
1434,2816,"Oct 31, 2017",10,31,2017
1435,2817,"Oct 30, 2017",10,30,2017
1436,2818,"Oct 31, 2017",10,31,2017
1437,2819,"Oct 31, 2017",10,31,2017
1438,2820,"Oct 31, 2017",10,31,2017
1439,2821,"Oct 31, 2017",10,31,2017
1440,2822,"Nov 1, 2017",11,1,2017
1441,2823,"Oct 31, 2017",10,31,2017
1442,2824,"Oct 31, 2017",10,31,2017
1443,2825,"Oct 31, 2017",10,31,2017
1444,2826,"Oct 30, 2017",10,30,2017
1445,2827,missing,12,31,2099
1446,2828,"Nov 1, 2017",11,1,2017
1447,2829,missing,12,31,2099
1448,2830,"Nov 1, 2017",11,1,2017
1449,2831,"Oct 31, 2017",10,31,2017
1450,2833,"Oct 31, 2017",10,31,2017
1451,2834,"Oct 31, 2017",10,31,2017
1452,2835,"Oct 30, 2017",10,30,2017
1453,2836,"Oct 31, 2017",10,31,2017
1454,2837,"Oct 31, 2017",10,31,2017
1455,2838,"Nov 1, 2017",11,1,2017
1456,2839,"Oct 31, 2017",10,31,2017
1457,2840,"Oct 26, 2017",10,26,2017
1458,2841,"Oct 31, 2017",10,31,2017
1459,2842,"Oct 31, 2017",10,31,2017
1460,2843,"Oct 31, 2017",10,31,2017
1461,2844,missing,12,31,2099
1462,2845,"Oct 31, 2017",10,31,2017
1463,2846,"Oct 31, 2017",10,31,2017
1464,2847,"Nov 6, 2017",11,6,2017
1465,2848,"Oct 31, 2017",10,31,2017
1466,2849,"Oct 30, 2017",10,30,2017
1467,2850,"Nov 1, 2017",11,1,2017
1468,2851,"Oct 31, 2017",10,31,2017
1469,2852,"Nov 1, 2017",11,1,2017
1470,2853,"Oct 31, 2017",10,31,2017
1471,2854,"Oct 31, 2017",10,31,2017
1472,2855,"Oct 31, 2017",10,31,2017
1473,2856,"Nov 1, 2017",11,1,2017
1474,2857,"Oct 31, 2017",10,31,2017
1475,2858,"Nov 1, 2017",11,1,2017
1476,2859,"Oct 31, 2017",10,31,2017
1477,2860,"Oct 31, 2017",10,31,2017
1478,2861,"Nov 1, 2017",11,1,2017
1479,2862,"Nov 1, 2017",11,1,2017
1480,2863,"Nov 1, 2017",11,1,2017
1481,2864,"Nov 1, 2017",11,1,2017
1482,2865,"Nov 1, 2017",11,1,2017
1483,2866,"Nov 1, 2017",11,1,2017
1484,2867,"Nov 2, 2017",11,2,2017
1485,2868,missing,12,31,2099
1486,2869,"Nov 1, 2017",11,1,2017
1487,2870,"Nov 1, 2017",11,1,2017
1488,2871,"Nov 2, 2017",11,2,2017
1489,2872,"Nov 1, 2017",11,1,2017
1490,2873,"Nov 1, 2017",11,1,2017
1491,2874,"Nov 1, 2017",11,1,2017
1492,2875,"Nov 1, 2017",11,1,2017
1493,2876,"Nov 2, 2017",11,2,2017
1494,2877,missing,12,31,2099
1495,2878,"Oct 31, 2017",10,31,2017
1496,2879,"Oct 30, 2017",10,30,2017
1497,2880,"Oct 30, 2017",10,30,2017
1498,2881,"Nov 1, 2017",11,1,2017
1499,2882,"Nov 2, 2017",11,2,2017
1500,2883,"Nov 1, 2017",11,1,2017
1501,2884,"Nov 1, 2017",11,1,2017
1502,2885,"Nov 2, 2017",11,2,2017
1503,2886,"Nov 1, 2017",11,1,2017
1504,2887,"Nov 1, 2017",11,1,2017
1505,2888,"Nov 1, 2017",11,1,2017
1506,2889,"Nov 1, 2017",11,1,2017
1507,2890,"Nov 1, 2017",11,1,2017
1508,2891,"Nov 1, 2017",11,1,2017
1509,2892,"Nov 1, 2017",11,1,2017
1510,2893,"Oct 26, 2017",10,26,2017
1511,2894,"Nov 1, 2017",11,1,2017
1512,2895,missing,12,31,2099
1513,2896,"Nov 1, 2017",11,1,2017
1514,2897,"Nov 2, 2017",11,2,2017
1515,2898,"Nov 1, 2017",11,1,2017
1516,2899,"Nov 2, 2017",11,2,2017
1517,2900,"Nov 1, 2017",11,1,2017
1518,2901,"Nov 1, 2017",11,1,2017
1519,2902,"Nov 2, 2017",11,2,2017
1520,2903,"Nov 2, 2017",11,2,2017
1521,2904,"Nov 3, 2017",11,3,2017
1522,2905,"Nov 2, 2017",11,2,2017
1523,2906,"Nov 2, 2017",11,2,2017
1524,2907,"Nov 2, 2017",11,2,2017
1525,2908,"Nov 2, 2017",11,2,2017
1526,2909,"Nov 2, 2017",11,2,2017
1527,2910,"Nov 2, 2017",11,2,2017
1528,2911,"Nov 2, 2017",11,2,2017
1529,2912,"Nov 3, 2017",11,3,2017
1530,2913,"Nov 2, 2017",11,2,2017
1531,2914,"Nov 3, 2017",11,3,2017
1532,2915,"Nov 2, 2017",11,2,2017
1533,2916,missing,12,31,2099
1534,2917,"Nov 2, 2017",11,2,2017
1535,2918,"Nov 3, 2017",11,3,2017
1536,2919,"Nov 2, 2017",11,2,2017
1537,2920,"Nov 3, 2017",11,3,2017
1538,2921,"Nov 14, 2017",11,14,2017
1539,2922,"Nov 1, 2017",11,1,2017
1540,2923,"Nov 2, 2017",11,2,2017
1541,2924,"Nov 2, 2017",11,2,2017
1542,2925,"Nov 2, 2017",11,2,2017
1543,2926,"Nov 2, 2017",11,2,2017
1544,2927,"Nov 2, 2017",11,2,2017
1545,2928,missing,12,31,2099
1546,2929,"Nov 3, 2017",11,3,2017
1547,2930,"Nov 1, 2017",11,1,2017
1548,2931,"Nov 3, 2017",11,3,2017
1549,2932,"Nov 2, 2017",11,2,2017
1550,2933,"Nov 2, 2017",11,2,2017
1551,2934,"Nov 2, 2017",11,2,2017
1552,2935,"Nov 3, 2017",11,3,2017
1553,2936,"Nov 2, 2017",11,2,2017
1554,2937,"Nov 2, 2017",11,2,2017
1555,2938,"Nov 2, 2017",11,2,2017
1556,2939,"Nov 2, 2017",11,2,2017
1557,2940,"Nov 2, 2017",11,2,2017
1558,2941,"Nov 2, 2017",11,2,2017
1559,2942,"Nov 2, 2017",11,2,2017
1560,2943,"Nov 2, 2017",11,2,2017
1561,2944,"Nov 2, 2017",11,2,2017
1562,2945,missing,12,31,2099
1563,2946,"Nov 3, 2017",11,3,2017
1564,2947,"Nov 3, 2017",11,3,2017
1565,2948,"Nov 3, 2017",11,3,2017
1566,2949,"Nov 3, 2017",11,3,2017
1567,2950,missing,12,31,2099
1568,2951,"Nov 3, 2017",11,3,2017
1569,2952,"Nov 4, 2017",11,4,2017
1570,2953,"Nov 3, 2017",11,3,2017
1571,2954,"Nov 3, 2017",11,3,2017
1572,2955,"Nov 3, 2017",11,3,2017
1573,2956,"Nov 3, 2017",11,3,2017
1574,2957,"Nov 3, 2017",11,3,2017
1575,2958,"Nov 3, 2017",11,3,2017
1576,2960,"Nov 3, 2017",11,3,2017
1577,2961,"Nov 3, 2017",11,3,2017
1578,2962,"Nov 3, 2017",11,3,2017
1579,2963,"Nov 3, 2017",11,3,2017
1580,2964,"Nov 3, 2017",11,3,2017
1581,2966,"Nov 4, 2017",11,4,2017
1582,2967,missing,12,31,2099
1583,2968,missing,12,31,2099
1584,2970,"Nov 28, 2017",11,28,2017
1585,2971,"Nov 3, 2017",11,3,2017
1586,2973,missing,12,31,2099
1587,2974,"Nov 3, 2017",11,3,2017
1588,2975,"Nov 2, 2017",11,2,2017
1589,2976,"Nov 2, 2017",11,2,2017
1590,2977,"Nov 3, 2017",11,3,2017
1591,2978,"Nov 3, 2017",11,3,2017
1592,2979,"Nov 3, 2017",11,3,2017
1593,2980,"Nov 3, 2017",11,3,2017
1594,2981,"Nov 3, 2017",11,3,2017
1595,2982,"Nov 3, 2017",11,3,2017
1596,2983,"Nov 3, 2017",11,3,2017
1597,2984,"Nov 4, 2017",11,4,2017
1598,2985,"Nov 4, 2017",11,4,2017
1599,2992,"Nov 4, 2017",11,4,2017
1600,2993,"Nov 4, 2017",11,4,2017
1601,2994,"Nov 4, 2017",11,4,2017
1602,2995,"Nov 4, 2017",11,4,2017
1603,2996,"Nov 4, 2017",11,4,2017
1604,2997,"Nov 4, 2017",11,4,2017
1605,2998,"Nov 4, 2017",11,4,2017
1606,2999,"Nov 4, 2017",11,4,2017
1607,3000,"Nov 4, 2017",11,4,2017
1608,3001,"Nov 3, 2017",11,3,2017
1609,3002,"Nov 4, 2017",11,4,2017
1610,3003,missing,12,31,2099
1611,3004,"Nov 5, 2017",11,5,2017
1612,3005,"Nov 2, 2017",11,2,2017
1613,3006,"Nov 5, 2017",11,5,2017
1614,3007,"Nov 4, 2017",11,4,2017
1615,3008,"Nov 4, 2017",11,4,2017
1616,3009,"Nov 4, 2017",11,4,2017
1617,3010,"Nov 4, 2017",11,4,2017
1618,3012,"Oct 26, 2017",10,26,2017
1619,3014,"Oct 26, 2017",10,26,2017
1620,3017,"Nov 2, 2017",11,2,2017
1621,3019,"Nov 4, 2017",11,4,2017
1622,3021,"Nov 2, 2017",11,2,2017
1623,3022,"Nov 3, 2017",11,3,2017
1624,3024,"Nov 3, 2017",11,3,2017
1625,3025,"Nov 3, 2017",11,3,2017
1626,3027,"Nov 4, 2017",11,4,2017
1627,3028,"Nov 5, 2017",11,5,2017
1628,3030,"Nov 3, 2017",11,3,2017
1629,3031,"Nov 8, 2017",11,8,2017
1630,3034,missing,12,31,2099
1631,3035,"Nov 4, 2017",11,4,2017
1632,3036,"Nov 4, 2017",11,4,2017
1633,3037,"Nov 5, 2017",11,5,2017
1634,3038,"Nov 3, 2017",11,3,2017
1635,3039,"Nov 4, 2017",11,4,2017
1636,3040,"Nov 5, 2017",11,5,2017
1637,3041,"Nov 5, 2017",11,5,2017
1638,3042,missing,12,31,2099
1639,3043,"Nov 5, 2017",11,5,2017
1640,3044,missing,12,31,2099
1641,3045,"Nov 3, 2017",11,3,2017
1642,3046,missing,12,31,2099
1643,3047,"Nov 5, 2017",11,5,2017
1644,3048,missing,12,31,2099
1645,3049,"Nov 3, 2017",11,3,2017
1646,3050,"Nov 3, 2017",11,3,2017
1647,3051,"Nov 4, 2017",11,4,2017
1648,3052,"Nov 4, 2017",11,4,2017
1649,3053,"Nov 3, 2017",11,3,2017
1650,3054,"Nov 5, 2017",11,5,2017
1651,3055,"Nov 5, 2017",11,5,2017
1652,3056,"Nov 5, 2017",11,5,2017
1653,3057,"Nov 5, 2017",11,5,2017
1654,3058,"Nov 5, 2017",11,5,2017
1655,3059,"Nov 5, 2017",11,5,2017
1656,3060,"Nov 5, 2017",11,5,2017
1657,3062,"Nov 6, 2017",11,6,2017
1658,3063,"Nov 5, 2017",11,5,2017
1659,3078,missing,12,31,2099
1660,3079,"Nov 6, 2017",11,6,2017
1661,3086,"Nov 5, 2017",11,5,2017
1662,3091,missing,12,31,2099
1663,3092,missing,12,31,2099
1664,3095,"Nov 4, 2017",11,4,2017
1665,3096,"Nov 6, 2017",11,6,2017
1666,3097,"Nov 8, 2017",11,8,2017
1667,3098,"Nov 6, 2017",11,6,2017
1668,3099,"Nov 6, 2017",11,6,2017
1669,3100,"Nov 7, 2017",11,7,2017
1670,3101,"Nov 7, 2017",11,7,2017
1671,3102,missing,12,31,2099
1672,3103,"Nov 6, 2017",11,6,2017
1673,3104,"Nov 6, 2017",11,6,2017
1674,3105,"Nov 5, 2017",11,5,2017
1675,3106,"Nov 6, 2017",11,6,2017
1676,3107,"Nov 6, 2017",11,6,2017
1677,3108,"Nov 6, 2017",11,6,2017
1678,3109,"Nov 6, 2017",11,6,2017
1679,3110,"Nov 6, 2017",11,6,2017
1680,3111,"Nov 6, 2017",11,6,2017
1681,3112,"Nov 6, 2017",11,6,2017
1682,3113,"Nov 6, 2017",11,6,2017
1683,3114,"Nov 7, 2017",11,7,2017
1684,3116,missing,12,31,2099
1685,3120,"Nov 6, 2017",11,6,2017
1686,3121,missing,12,31,2099
1687,3123,"Nov 28, 2017",11,28,2017
1688,3124,missing,12,31,2099
1689,3128,"Nov 6, 2017",11,6,2017
1690,3130,"Nov 6, 2017",11,6,2017
1691,3131,"Mar 18, 2017",3,18,2017
1692,3137,"Nov 7, 2017",11,7,2017
1693,3138,"Nov 7, 2017",11,7,2017
1694,3140,"Nov 7, 2017",11,7,2017
1695,3146,"Nov 6, 2017",11,6,2017
1696,3147,"Nov 6, 2017",11,6,2017
1697,3148,missing,12,31,2099
1698,3149,"Nov 6, 2017",11,6,2017
1699,3150,"Nov 6, 2017",11,6,2017
1700,3151,"Nov 7, 2017",11,7,2017
1701,3152,"Nov 6, 2017",11,6,2017
1702,3153,"Nov 6, 2017",11,6,2017
1703,3155,"Nov 7, 2017",11,7,2017
1704,3156,"Nov 8, 2017",11,8,2017
1705,3157,"Nov 7, 2017",11,7,2017
1706,3158,"Nov 7, 2017",11,7,2017
1707,3159,"Nov 7, 2017",11,7,2017
1708,3160,"Nov 7, 2017",11,7,2017
1709,3161,"Nov 7, 2017",11,7,2017
1710,3162,"Nov 7, 2017",11,7,2017
1711,3163,"Nov 7, 2017",11,7,2017
1712,3164,"Nov 7, 2017",11,7,2017
1713,3165,"Nov 15, 2017",11,15,2017
1714,3166,"Nov 7, 2017",11,7,2017
1715,3167,"Nov 7, 2017",11,7,2017
1716,3168,"Nov 7, 2017",11,7,2017
1717,3169,"Nov 8, 2017",11,8,2017
1718,3170,"Nov 7, 2017",11,7,2017
1719,3171,"Nov 7, 2017",11,7,2017
1720,3172,"Nov 8, 2017",11,8,2017
1721,3173,"Nov 8, 2017",11,8,2017
1722,3174,missing,12,31,2099
1723,3175,"Nov 2, 2017",11,2,2017
1724,3176,"Nov 6, 2017",11,6,2017
1725,3177,missing,12,31,2099
1726,3178,"Nov 2, 2017",11,2,2017
1727,3179,"Nov 6, 2017",11,6,2017
1728,3180,"Nov 7, 2017",11,7,2017
1729,3181,"Nov 7, 2017",11,7,2017
1730,3182,"Nov 15, 2017",11,15,2017
1731,3183,"Nov 7, 2017",11,7,2017
1732,3184,"Nov 7, 2017",11,7,2017
1733,3185,"Nov 7, 2017",11,7,2017
1734,3186,"Nov 7, 2017",11,7,2017
1735,3187,"Nov 7, 2017",11,7,2017
1736,3188,"Nov 7, 2017",11,7,2017
1737,3189,"Nov 8, 2017",11,8,2017
1738,3190,"Nov 7, 2017",11,7,2017
1739,3191,"Nov 8, 2017",11,8,2017
1740,3192,"Nov 7, 2017",11,7,2017
1741,3193,"Nov 7, 2017",11,7,2017
1742,3194,"Nov 7, 2017",11,7,2017
1743,3195,"Nov 9, 2017",11,9,2017
1744,3196,"Jun 20, 2017",6,20,2017
1745,3197,"Nov 8, 2017",11,8,2017
1746,3198,"Nov 8, 2017",11,8,2017
1747,3199,"Nov 22, 2017",11,22,2017
1748,3200,"Nov 6, 2017",11,6,2017
1749,3201,"Nov 8, 2017",11,8,2017
1750,3202,"Nov 8, 2017",11,8,2017
1751,3203,"Nov 23, 2017",11,23,2017
1752,3204,"Nov 8, 2017",11,8,2017
1753,3205,"Nov 6, 2017",11,6,2017
1754,3206,"Nov 8, 2017",11,8,2017
1755,3207,"Nov 6, 2017",11,6,2017
1756,3208,"Nov 8, 2017",11,8,2017
1757,3209,"Nov 9, 2017",11,9,2017
1758,3210,"Nov 8, 2017",11,8,2017
1759,3211,"Nov 9, 2017",11,9,2017
1760,3212,"Nov 8, 2017",11,8,2017
1761,3213,missing,12,31,2099
1762,3214,"Nov 9, 2017",11,9,2017
1763,3215,"Nov 9, 2017",11,9,2017
1764,3216,"Nov 8, 2017",11,8,2017
1765,3217,"Nov 20, 2017",11,20,2017
1766,3218,"Nov 8, 2017",11,8,2017
1767,3219,"Nov 8, 2017",11,8,2017
1768,3220,"Nov 6, 2017",11,6,2017
1769,3221,missing,12,31,2099
1770,3222,missing,12,31,2099
1771,3223,"Nov 9, 2017",11,9,2017
1772,3224,"Nov 8, 2017",11,8,2017
1773,3225,"Nov 9, 2017",11,9,2017
1774,3226,"Nov 9, 2017",11,9,2017
1775,3227,"Nov 8, 2017",11,8,2017
1776,3228,"Nov 8, 2017",11,8,2017
1777,3229,"Nov 10, 2017",11,10,2017
1778,3230,"Nov 9, 2017",11,9,2017
1779,3231,"Nov 8, 2017",11,8,2017
1780,3232,"Nov 10, 2017",11,10,2017
1781,3233,"Nov 9, 2017",11,9,2017
1782,3234,"Nov 8, 2017",11,8,2017
1783,3235,missing,12,31,2099
1784,3236,"Nov 9, 2017",11,9,2017
1785,3237,"Nov 8, 2017",11,8,2017
1786,3238,"Nov 10, 2017",11,10,2017
1787,3239,"Nov 9, 2017",11,9,2017
1788,3240,"Nov 9, 2017",11,9,2017
1789,3241,"Nov 9, 2017",11,9,2017
1790,3242,"Nov 9, 2017",11,9,2017
1791,3243,"Nov 15, 2017",11,15,2017
1792,3245,"Nov 8, 2017",11,8,2017
1793,3246,"Nov 9, 2017",11,9,2017
1794,3247,"Nov 9, 2017",11,9,2017
1795,3248,"Nov 9, 2017",11,9,2017
1796,3249,"Nov 9, 2017",11,9,2017
1797,3250,"Nov 27, 2017",11,27,2017
1798,3251,"Nov 9, 2017",11,9,2017
1799,3252,"Nov 10, 2017",11,10,2017
1800,3253,"Nov 20, 2017",11,20,2017
1801,3255,"Nov 9, 2017",11,9,2017
1802,3256,"Nov 9, 2017",11,9,2017
1803,3257,"Nov 9, 2017",11,9,2017
1804,3258,"Nov 9, 2017",11,9,2017
1805,3259,"Nov 10, 2017",11,10,2017
1806,3260,"Nov 9, 2017",11,9,2017
1807,3261,"Nov 9, 2017",11,9,2017
1808,3262,missing,12,31,2099
1809,3263,"Nov 9, 2017",11,9,2017
1810,3264,"Nov 9, 2017",11,9,2017
1811,3265,missing,12,31,2099
1812,3266,"Nov 9, 2017",11,9,2017
1813,3267,"Nov 9, 2017",11,9,2017
1814,3268,"Nov 10, 2017",11,10,2017
1815,3269,"Nov 9, 2017",11,9,2017
1816,3270,"Nov 9, 2017",11,9,2017
1817,3271,"Nov 10, 2017",11,10,2017
1818,3272,"Nov 10, 2017",11,10,2017
1819,3273,"Nov 10, 2017",11,10,2017
1820,3274,"Nov 10, 2017",11,10,2017
1821,3275,"Nov 10, 2017",11,10,2017
1822,3277,"Oct 14, 2017",10,14,2017
1823,3278,"Jan 12, 2018",1,12,2018
1824,3279,"Nov 10, 2017",11,10,2017
1825,3281,"Nov 10, 2017",11,10,2017
1826,3282,"Nov 10, 2017",11,10,2017
1827,3283,"Nov 10, 2017",11,10,2017
1828,3284,"Nov 10, 2017",11,10,2017
1829,3285,"Nov 11, 2017",11,11,2017
1830,3286,"Nov 10, 2017",11,10,2017
1831,3287,"Nov 10, 2017",11,10,2017
1832,3288,"Nov 10, 2017",11,10,2017
1833,3289,"Nov 11, 2017",11,11,2017
1834,3290,"Nov 10, 2017",11,10,2017
1835,3291,"Nov 10, 2017",11,10,2017
1836,3292,"Nov 1, 2017",11,1,2017
1837,3293,"Nov 10, 2017",11,10,2017
1838,3294,"Nov 15, 2017",11,15,2017
1839,3295,"Nov 10, 2017",11,10,2017
1840,3296,"Nov 10, 2017",11,10,2017
1841,3297,missing,12,31,2099
1842,3298,"Nov 10, 2017",11,10,2017
1843,3299,"Nov 10, 2017",11,10,2017
1844,3300,"Nov 10, 2017",11,10,2017
1845,3301,"Nov 10, 2017",11,10,2017
1846,3302,"Nov 10, 2017",11,10,2017
1847,3303,"Nov 11, 2017",11,11,2017
1848,3304,"Nov 11, 2017",11,11,2017
1849,3305,"Nov 12, 2017",11,12,2017
1850,3306,"Nov 11, 2017",11,11,2017
1851,3307,"Nov 10, 2017",11,10,2017
1852,3308,"Nov 10, 2017",11,10,2017
1853,3309,"Nov 10, 2017",11,10,2017
1854,3310,"Nov 10, 2017",11,10,2017
1855,3311,"Nov 10, 2017",11,10,2017
1856,3312,"Nov 11, 2017",11,11,2017
1857,3313,"Nov 11, 2017",11,11,2017
1858,3314,"Nov 11, 2017",11,11,2017
1859,3315,"Nov 10, 2017",11,10,2017
1860,3317,"Nov 9, 2017",11,9,2017
1861,3319,"Nov 11, 2017",11,11,2017
1862,3320,"Nov 11, 2017",11,11,2017
1863,3321,"Nov 10, 2017",11,10,2017
1864,3322,"Nov 8, 2017",11,8,2017
1865,3323,"Nov 11, 2017",11,11,2017
1866,3325,"Nov 11, 2017",11,11,2017
1867,3327,missing,12,31,2099
1868,3328,"Nov 10, 2017",11,10,2017
1869,3329,"Nov 11, 2017",11,11,2017
1870,3330,"Nov 11, 2017",11,11,2017
1871,3331,missing,12,31,2099
1872,3332,"Nov 18, 2017",11,18,2017
1873,3333,"Jan 9, 2018",1,9,2018
1874,3334,"Nov 11, 2017",11,11,2017
1875,3335,"Nov 11, 2017",11,11,2017
1876,3336,"Nov 11, 2017",11,11,2017
1877,3337,"Nov 12, 2017",11,12,2017
1878,3338,"Nov 11, 2017",11,11,2017
1879,3339,"Nov 11, 2017",11,11,2017
1880,3341,"Nov 11, 2017",11,11,2017
1881,3342,"Nov 12, 2017",11,12,2017
1882,3344,"Nov 11, 2017",11,11,2017
1883,3345,"Nov 10, 2017",11,10,2017
1884,3346,"Nov 12, 2017",11,12,2017
1885,3347,"Nov 12, 2017",11,12,2017
1886,3348,missing,12,31,2099
1887,3351,"Nov 13, 2017",11,13,2017
1888,3352,"Nov 12, 2017",11,12,2017
1889,3355,"Nov 12, 2017",11,12,2017
1890,3356,"Nov 9, 2017",11,9,2017
1891,3358,"Nov 12, 2017",11,12,2017
1892,3359,missing,12,31,2099
1893,3360,"Nov 12, 2017",11,12,2017
1894,3361,"Nov 10, 2017",11,10,2017
1895,3362,"Nov 12, 2017",11,12,2017
1896,3363,"Nov 12, 2017",11,12,2017
1897,3364,missing,12,31,2099
1898,3365,"Nov 10, 2017",11,10,2017
1899,3366,"Nov 12, 2017",11,12,2017
1900,3367,"Nov 10, 2017",11,10,2017
1901,3370,"Nov 16, 2017",11,16,2017
1902,3372,"Nov 12, 2017",11,12,2017
1903,3373,"Nov 12, 2017",11,12,2017
1904,3374,"Nov 12, 2017",11,12,2017
1905,3375,"Nov 12, 2017",11,12,2017
1906,3376,"Nov 13, 2017",11,13,2017
1907,3378,"Nov 13, 2017",11,13,2017
1908,3379,"Nov 12, 2017",11,12,2017
1909,3380,"Nov 13, 2017",11,13,2017
1910,3381,"Nov 13, 2017",11,13,2017
1911,3382,"Nov 12, 2017",11,12,2017
1912,3383,"Nov 12, 2017",11,12,2017
1913,3384,"Nov 13, 2017",11,13,2017
