,content_id,month,day,year
0,60,8,30,2017
1,61,8,30,2017
2,66,8,30,2017
3,80,8,29,2017
4,82,8,29,2017
5,85,8,29,2017
6,87,8,21,2017
7,90,8,10,2017
8,96,8,30,2017
9,98,8,30,2017
10,101,8,28,2017
11,102,8,24,2017
12,103,8,18,2017
13,116,8,8,2017
14,120,8,29,2017
15,122,7,14,2017
16,124,8,28,2017
17,125,8,29,2017
18,142,8,31,2017
19,145,8,30,2017
20,147,8,29,2017
21,148,8,7,2017
22,151,8,4,2017
23,153,8,3,2017
24,184,8,31,2017
25,189,8,31,2017
26,191,8,31,2017
27,192,8,31,2017
28,193,8,31,2017
29,194,8,31,2017
30,195,8,31,2017
31,196,8,31,2017
32,198,8,3,2017
33,199,7,13,2017
34,202,8,31,2017
35,204,8,31,2017
36,206,8,31,2017
37,227,9,4,2017
38,234,9,1,2017
39,237,9,1,2017
40,239,9,1,2017
41,241,9,5,2017
42,245,7,11,2017
43,246,9,1,2017
44,248,7,7,2017
45,249,9,2,2017
46,250,8,2,2017
47,251,9,1,2017
48,252,7,27,2017
49,253,9,1,2017
50,263,9,2,2017
51,266,9,2,2017
52,283,7,5,2017
53,286,7,5,2017
54,289,9,2,2017
55,291,9,1,2017
56,293,9,4,2017
57,296,7,27,2017
58,303,9,3,2017
59,304,9,2,2017
60,321,9,3,2017
61,334,9,3,2017
62,335,9,3,2017
63,336,9,4,2017
64,339,6,29,2017
65,340,8,31,2017
66,341,6,28,2017
67,342,6,27,2017
68,355,7,1,2017
69,359,6,23,2017
70,374,9,4,2017
71,375,9,4,2017
72,377,9,3,2017
73,380,8,31,2017
74,382,8,30,2017
75,385,9,5,2017
76,386,9,4,2017
77,447,6,22,2017
78,453,6,22,2017
79,459,9,6,2017
80,460,9,6,2017
81,463,9,6,2017
82,466,9,5,2017
83,468,9,5,2017
84,473,9,5,2017
85,481,9,6,2017
86,484,9,6,2017
87,486,9,8,2017
88,507,9,7,2017
89,513,9,5,2017
90,521,9,7,2017
91,524,6,21,2017
92,526,6,20,2017
93,535,9,7,2017
94,550,9,7,2017
95,554,9,7,2017
96,561,9,6,2017
97,570,9,8,2017
98,572,9,5,2017
99,573,9,8,2017
100,574,6,19,2017
101,575,9,7,2017
102,576,9,7,2017
103,577,6,17,2017
104,607,9,9,2017
105,614,6,16,2017
106,617,9,9,2017
107,620,9,8,2017
108,623,9,8,2017
109,624,9,8,2017
110,663,6,13,2017
111,665,9,9,2017
112,666,6,13,2017
113,668,9,10,2017
114,669,9,9,2017
115,691,9,11,2017
116,695,9,10,2017
117,697,6,12,2017
118,701,6,12,2017
119,723,9,10,2017
120,726,9,10,2017
121,728,9,11,2017
122,732,9,11,2017
123,745,9,6,2017
124,749,9,6,2017
125,773,6,8,2017
126,775,6,6,2017
127,778,9,12,2017
128,779,9,11,2017
129,780,9,11,2017
130,808,9,12,2017
131,811,9,12,2017
132,812,9,12,2017
133,814,9,13,2017
134,815,9,12,2017
135,817,9,13,2017
136,818,9,12,2017
137,819,9,13,2017
138,822,9,12,2017
139,839,9,13,2017
140,843,9,13,2017
141,857,9,13,2017
142,871,5,26,2017
143,873,9,13,2017
144,874,9,13,2017
145,884,9,12,2017
146,888,8,10,2017
147,895,6,5,2017
148,918,9,14,2017
149,919,9,13,2017
150,920,9,5,2017
151,925,9,15,2017
152,926,9,14,2017
153,927,9,15,2017
154,928,9,14,2017
155,931,9,15,2017
156,943,9,13,2017
157,947,9,15,2017
158,953,6,5,2017
159,956,6,1,2017
160,957,9,13,2017
161,958,6,1,2017
162,967,9,14,2017
163,968,9,13,2017
164,969,9,7,2017
165,978,9,15,2017
166,979,9,15,2017
167,980,9,15,2017
168,984,9,16,2017
169,985,9,16,2017
170,990,5,31,2017
171,995,4,8,2017
172,999,5,30,2017
173,1019,9,5,2017
174,1020,9,5,2017
175,1021,9,16,2017
176,1022,9,16,2017
177,1023,9,16,2017
178,1060,9,17,2017
179,1061,9,17,2017
180,1062,9,18,2017
181,1081,9,18,2017
182,1083,9,18,2017
183,1090,9,19,2017
184,1091,9,19,2017
185,1092,9,19,2017
186,1106,9,19,2017
187,1113,9,19,2017
188,1129,9,20,2017
189,1131,9,19,2017
190,1132,9,20,2017
191,1153,9,20,2017
192,1156,9,20,2017
193,1168,9,20,2017
194,1169,9,21,2017
195,1170,9,20,2017
196,1171,9,21,2017
197,1198,9,21,2017
198,1199,9,21,2017
199,1200,9,21,2017
200,1207,9,21,2017
201,1208,9,21,2017
202,1209,9,22,2017
203,1234,9,22,2017
204,1235,9,22,2017
205,1236,9,22,2017
206,1240,9,22,2017
207,1244,9,22,2017
208,1245,9,22,2017
209,1246,9,22,2017
210,1250,9,23,2017
211,1268,9,23,2017
212,1269,9,23,2017
213,1270,9,23,2017
214,1275,9,24,2017
215,1278,9,24,2017
216,1279,9,22,2017
217,1280,9,25,2017
218,1287,9,24,2017
219,1288,9,23,2017
220,1289,9,23,2017
221,1291,9,20,2017
222,1292,9,19,2017
223,1293,9,19,2017
224,1300,9,25,2017
225,1301,9,24,2017
226,1302,9,26,2017
227,1303,9,24,2017
228,1304,9,25,2017
229,1305,9,23,2017
230,1306,9,25,2017
231,1307,9,25,2017
232,1308,9,19,2017
233,1315,9,25,2017
234,1316,9,25,2017
235,1317,9,26,2017
236,1318,9,27,2017
237,1319,9,26,2017
238,1320,9,25,2017
239,1321,9,25,2017
240,1322,9,25,2017
241,1326,9,26,2017
242,1327,9,26,2017
243,1328,9,26,2017
244,1330,9,26,2017
245,1332,9,26,2017
246,1336,9,26,2017
247,1338,9,25,2017
248,1339,9,22,2017
249,1340,9,22,2017
250,1343,9,26,2017
251,1345,9,26,2017
252,1346,9,26,2017
253,1347,9,26,2017
254,1348,9,21,2017
255,1352,9,26,2017
256,1356,9,27,2017
257,1358,9,27,2017
258,1361,9,27,2017
259,1365,9,26,2017
260,1366,9,26,2017
261,1367,9,26,2017
262,1368,9,27,2017
263,1369,9,27,2017
264,1370,9,27,2017
265,1374,9,27,2017
266,1381,9,28,2017
267,1385,9,29,2017
268,1386,9,29,2017
269,1389,9,28,2017
270,1390,9,28,2017
271,1392,9,27,2017
272,1393,9,29,2017
273,1394,9,27,2017
274,1395,9,30,2017
275,1396,9,27,2017
276,1397,9,28,2017
277,1398,9,29,2017
278,1399,9,29,2017
279,1400,9,29,2017
280,1401,9,28,2017
281,1402,9,29,2017
282,1403,9,27,2017
283,1407,9,29,2017
284,1408,9,29,2017
285,1409,9,29,2017
286,1410,9,28,2017
287,1411,9,28,2017
288,1412,9,28,2017
289,1413,9,29,2017
290,1414,9,29,2017
291,1419,9,28,2017
292,1421,9,29,2017
293,1423,9,28,2017
294,1424,9,29,2017
295,1425,9,29,2017
296,1426,9,28,2017
297,1427,9,29,2017
298,1428,9,27,2017
299,1429,9,27,2017
300,1430,9,27,2017
301,1431,9,29,2017
302,1432,9,28,2017
303,1435,9,8,2017
304,1440,9,29,2017
305,1441,9,28,2017
306,1442,9,28,2017
307,1443,9,29,2017
308,1444,9,29,2017
309,1445,9,30,2017
310,1446,9,30,2017
311,1447,9,30,2017
312,1448,9,29,2017
313,1450,9,28,2017
314,1451,9,28,2017
315,1453,9,30,2017
316,1456,9,28,2017
317,1457,9,29,2017
318,1458,9,28,2017
319,1460,9,30,2017
320,1461,9,30,2017
321,1462,9,23,2017
322,1464,10,1,2017
323,1465,9,29,2017
324,1466,10,1,2017
325,1467,9,28,2017
326,1468,10,1,2017
327,1469,9,28,2017
328,1470,10,14,2015
329,1471,9,27,2017
330,1472,10,1,2017
331,1473,9,28,2017
332,1474,9,30,2017
333,1475,9,30,2017
334,1476,9,29,2017
335,1477,10,2,2017
336,1478,10,1,2017
337,1479,10,1,2017
338,1480,10,1,2017
339,1481,9,27,2017
340,1482,10,1,2017
341,1483,9,26,2017
342,1484,9,28,2017
343,1485,9,27,2017
344,1486,10,1,2017
345,1487,10,1,2017
346,1488,10,1,2017
347,1489,10,1,2017
348,1490,10,1,2017
349,1491,10,1,2017
350,1492,9,14,2017
351,1493,10,1,2017
352,1494,10,1,2017
353,1495,10,1,2017
354,1496,10,2,2017
355,1497,10,1,2017
356,1498,10,1,2017
357,1499,10,1,2017
358,1500,10,1,2017
359,1501,10,2,2017
360,1502,10,1,2017
361,1503,10,2,2017
362,1504,10,2,2017
363,1505,10,10,2017
364,1506,12,29,2017
365,1507,10,2,2017
366,1508,10,2,2017
367,1509,10,2,2017
368,1510,9,29,2017
369,1511,10,2,2017
370,1512,10,1,2017
371,1513,10,2,2017
372,1514,9,29,2017
373,1515,10,2,2017
374,1516,10,2,2017
375,1517,10,2,2017
376,1518,10,2,2017
377,1519,10,2,2017
378,1520,10,2,2017
379,1521,10,3,2017
380,1522,10,2,2017
381,1523,10,2,2017
382,1524,10,2,2017
383,1525,10,3,2017
384,1526,10,2,2017
385,1527,10,2,2017
386,1528,10,2,2017
387,1529,10,2,2017
388,1530,9,27,2017
389,1532,10,2,2017
390,1533,10,3,2017
391,1534,10,3,2017
392,1535,10,3,2017
393,1536,10,2,2017
394,1537,10,4,2017
395,1538,10,3,2017
396,1539,10,2,2017
397,1540,10,5,2017
398,1541,10,3,2017
399,1542,10,3,2017
400,1544,10,3,2017
401,1545,10,3,2017
402,1547,10,3,2017
403,1548,10,3,2017
404,1550,10,3,2017
405,1553,10,4,2017
406,1554,10,3,2017
407,1555,10,3,2017
408,1556,10,3,2017
409,1557,10,3,2017
410,1558,10,3,2017
411,1559,10,4,2017
412,1560,10,3,2017
413,1561,10,4,2017
414,1562,10,3,2017
415,1563,10,4,2017
416,1564,10,2,2017
417,1565,10,3,2017
418,1566,9,26,2017
419,1567,10,3,2017
420,1568,10,3,2017
421,1569,10,3,2017
422,1570,10,4,2017
423,1571,10,3,2017
424,1572,9,29,2017
425,1573,9,29,2017
426,1574,10,3,2017
427,1578,10,3,2017
428,1581,9,27,2017
429,1582,10,4,2017
430,1583,10,4,2017
431,1584,10,6,2017
432,1585,10,4,2017
433,1586,10,4,2017
434,1587,10,4,2017
435,1588,10,5,2017
436,1589,10,4,2017
437,1590,10,4,2017
438,1591,10,3,2017
439,1592,10,5,2017
440,1593,10,3,2017
441,1594,10,4,2017
442,1595,10,4,2017
443,1596,10,4,2017
444,1597,10,4,2017
445,1598,10,4,2017
446,1599,10,4,2017
447,1600,10,4,2017
448,1601,10,4,2017
449,1602,10,4,2017
450,1603,10,4,2017
451,1604,10,3,2017
452,1605,10,4,2017
453,1607,10,4,2017
454,1608,10,4,2017
455,1609,10,4,2017
456,1610,10,4,2017
457,1611,10,5,2017
458,1612,10,4,2017
459,1613,10,5,2017
460,1614,10,5,2017
461,1615,10,4,2017
462,1616,10,5,2017
463,1617,10,5,2017
464,1618,10,5,2017
465,1619,10,5,2017
466,1620,10,5,2017
467,1621,10,5,2017
468,1622,10,5,2017
469,1623,10,5,2017
470,1624,10,5,2017
471,1625,10,5,2017
472,1626,12,8,2017
473,1627,10,5,2017
474,1628,10,2,2017
475,1629,10,7,2017
476,1630,10,5,2017
477,1631,10,4,2017
478,1632,10,5,2017
479,1633,10,5,2017
480,1634,10,4,2017
481,1635,10,5,2017
482,1636,10,5,2017
483,1637,10,5,2017
484,1638,10,5,2017
485,1639,10,5,2017
486,1640,10,5,2017
487,1641,10,5,2017
488,1642,10,6,2017
489,1643,10,6,2017
490,1644,10,5,2017
491,1645,10,5,2017
492,1646,10,6,2017
493,1647,10,5,2017
494,1648,10,5,2017
495,1649,10,5,2017
496,1650,10,5,2017
497,1651,10,6,2017
498,1652,10,6,2017
499,1653,10,6,2017
500,1654,10,6,2017
501,1655,10,4,2017
502,1656,10,6,2017
503,1657,10,6,2017
504,1658,10,6,2017
505,1659,10,4,2017
506,1660,10,6,2017
507,1661,10,6,2017
508,1662,10,4,2017
509,1663,10,6,2017
510,1664,10,6,2017
511,1665,10,6,2017
512,1666,10,6,2017
513,1667,10,6,2017
514,1668,10,6,2017
515,1669,10,6,2017
516,1670,10,6,2017
517,1671,10,31,2017
518,1673,10,6,2017
519,1674,10,5,2017
520,1675,10,6,2017
521,1676,10,6,2017
522,1677,10,6,2017
523,1682,10,7,2017
524,1683,10,3,2017
525,1684,10,6,2017
526,1685,10,5,2017
527,1686,10,6,2017
528,1687,10,7,2017
529,1688,10,7,2017
530,1689,10,6,2017
531,1690,10,6,2017
532,1691,10,6,2017
533,1692,10,6,2017
534,1693,10,5,2017
535,1694,10,7,2017
536,1695,10,6,2017
537,1696,10,5,2017
538,1697,10,7,2017
539,1698,10,6,2017
540,1699,10,3,2017
541,1700,10,5,2017
542,1701,10,5,2017
543,1702,10,7,2017
544,1703,10,7,2017
545,1704,10,6,2017
546,1705,10,6,2017
547,1706,10,2,2017
548,1707,10,6,2017
549,1708,10,2,2017
550,1709,10,7,2017
551,1710,10,6,2017
552,1711,10,4,2017
553,1712,10,8,2017
554,1713,10,7,2017
555,1714,10,6,2017
556,1715,10,8,2017
557,1716,10,7,2017
558,1717,10,7,2017
559,1718,10,7,2017
560,1719,10,7,2017
561,1720,10,7,2017
562,1721,10,8,2017
563,1722,10,5,2017
564,1723,10,6,2017
565,1724,10,8,2017
566,1725,10,6,2017
567,1727,10,7,2017
568,1728,10,7,2017
569,1729,10,7,2017
570,1730,10,7,2017
571,1731,10,7,2017
572,1732,10,7,2017
573,1735,10,7,2017
574,1736,10,3,2017
575,1737,10,8,2017
576,1738,10,8,2017
577,1739,10,8,2017
578,1740,10,8,2017
579,1741,10,8,2017
580,1742,10,8,2017
581,1743,10,5,2017
582,1744,10,5,2017
583,1746,10,5,2017
584,1747,10,8,2017
585,1748,10,6,2017
586,1749,10,8,2017
587,1750,10,9,2017
588,1751,10,8,2017
589,1752,10,8,2017
590,1753,12,5,2017
591,1754,10,8,2017
592,1755,10,9,2017
593,1756,10,6,2017
594,1757,10,8,2017
595,1758,10,9,2017
596,1759,10,8,2017
597,1760,10,6,2017
598,1761,10,8,2017
599,1762,10,6,2017
600,1763,6,15,2016
601,1764,10,8,2017
602,1765,10,5,2017
603,1766,10,8,2017
604,1767,10,8,2017
605,1768,10,9,2017
606,1769,10,9,2017
607,1770,10,8,2017
608,1771,10,9,2017
609,1772,10,9,2017
610,1773,10,9,2017
611,1774,10,9,2017
612,1775,10,9,2017
613,1776,10,9,2017
614,1777,6,13,2017
615,1778,10,9,2017
616,1779,10,9,2017
617,1780,10,9,2017
618,1781,10,5,2017
619,1782,10,9,2017
620,1784,10,10,2017
621,1786,10,10,2017
622,1787,9,27,2017
623,1788,10,9,2017
624,1790,10,9,2017
625,1792,10,6,2017
626,1793,10,9,2017
627,1794,10,6,2017
628,1795,10,9,2017
629,1797,10,6,2017
630,1799,10,9,2017
631,1801,10,9,2017
632,1803,10,9,2017
633,1804,10,10,2017
634,1805,10,9,2017
635,1807,10,9,2017
636,1811,10,10,2017
637,1812,10,10,2017
638,1813,10,10,2017
639,1814,10,10,2017
640,1815,10,9,2017
641,1816,10,10,2017
642,1817,10,9,2017
643,1818,10,9,2017
644,1819,10,11,2017
645,1820,10,9,2017
646,1821,10,8,2017
647,1822,10,11,2017
648,1823,10,10,2017
649,1824,10,10,2017
650,1825,10,10,2017
651,1826,10,10,2017
652,1827,10,10,2017
653,1828,10,10,2017
654,1829,10,10,2017
655,1830,10,10,2017
656,1831,10,10,2017
657,1832,10,10,2017
658,1833,10,10,2017
659,1834,10,10,2017
660,1835,10,10,2017
661,1836,10,10,2017
662,1837,10,10,2017
663,1838,10,10,2017
664,1840,10,10,2017
665,1841,10,10,2017
666,1842,10,11,2017
667,1843,10,10,2017
668,1844,10,10,2017
669,1845,10,10,2017
670,1846,10,11,2017
671,1847,10,10,2017
672,1848,10,11,2017
673,1849,10,10,2017
674,1850,10,10,2017
675,1851,10,10,2017
676,1852,10,11,2017
677,1853,10,10,2017
678,1854,10,10,2017
679,1855,10,10,2017
680,1856,10,10,2017
681,1857,10,10,2017
682,1858,10,5,2017
683,1859,10,11,2017
684,1860,10,10,2017
685,1861,10,10,2017
686,1862,10,10,2017
687,1864,10,11,2017
688,1865,10,11,2017
689,1866,10,11,2017
690,1867,10,11,2017
691,1868,10,11,2017
692,1869,10,11,2017
693,1870,10,11,2017
694,1871,10,11,2017
695,1872,10,12,2017
696,1873,10,11,2017
697,1874,10,11,2017
698,1875,10,10,2017
699,1876,10,12,2017
700,1877,10,11,2017
701,1878,10,11,2017
702,1879,10,12,2017
703,1880,10,9,2017
704,1881,10,10,2017
705,1882,10,11,2017
706,1883,10,11,2017
707,1884,10,11,2017
708,1885,10,11,2017
709,1886,10,11,2017
710,1887,10,11,2017
711,1888,10,13,2017
712,1890,10,11,2017
713,1891,10,12,2017
714,1892,10,10,2017
715,1893,10,10,2017
716,1894,10,11,2017
717,1895,10,11,2017
718,1896,10,11,2017
719,1897,10,11,2017
720,1898,10,11,2017
721,1899,10,11,2017
722,1900,10,11,2017
723,1901,10,11,2017
724,1902,10,12,2017
725,1903,10,11,2017
726,1904,10,12,2017
727,1905,10,11,2017
728,1906,10,11,2017
729,1907,10,12,2017
730,1908,10,12,2017
731,1909,5,8,2017
732,1910,10,12,2017
733,1911,10,12,2017
734,1912,10,13,2017
735,1913,8,3,2017
736,1914,10,11,2017
737,1915,10,12,2017
738,1916,10,12,2017
739,1917,10,12,2017
740,1918,10,12,2017
741,1919,10,12,2017
742,1920,10,12,2017
743,1921,10,12,2017
744,1922,10,11,2017
745,1923,10,12,2017
746,1924,10,12,2017
747,1925,10,12,2017
748,1927,10,12,2017
749,1928,10,12,2017
750,1929,10,12,2017
751,1930,10,12,2017
752,1931,10,12,2017
753,1932,10,13,2017
754,1933,10,12,2017
755,1934,10,12,2017
756,1935,10,12,2017
757,1936,10,16,2017
758,1937,10,10,2017
759,1938,10,11,2017
760,1939,10,13,2017
761,1940,10,12,2017
762,1941,10,12,2017
763,1942,10,12,2017
764,1943,10,12,2017
765,1944,10,13,2017
766,1945,10,13,2017
767,1946,10,13,2017
768,1947,10,13,2017
769,1948,10,12,2017
770,1949,10,13,2017
771,1950,10,13,2017
772,1951,10,13,2017
773,1952,10,13,2017
774,1953,10,13,2017
775,1954,10,13,2017
776,1955,10,12,2017
777,1956,10,13,2017
778,1957,10,12,2017
779,1958,10,13,2017
780,1959,10,11,2017
781,1960,10,13,2017
782,1961,10,13,2017
783,1962,10,13,2017
784,1963,10,13,2017
785,1964,10,13,2017
786,1965,10,13,2017
787,1966,10,13,2017
788,1967,10,13,2017
789,1968,10,13,2017
790,1969,10,14,2017
791,1970,10,13,2017
792,1971,10,13,2017
793,1972,10,13,2017
794,1974,10,13,2017
795,1975,10,13,2017
796,1976,10,13,2017
797,1977,10,13,2017
798,1978,10,13,2017
799,1979,10,13,2017
800,1980,10,13,2017
801,1981,10,13,2017
802,1982,10,13,2017
803,1983,10,13,2017
804,1984,10,13,2017
805,1985,10,14,2017
806,1986,10,13,2017
807,1987,10,13,2017
808,1988,10,14,2017
809,1989,10,14,2017
810,1990,10,13,2017
811,1991,10,14,2017
812,1992,10,14,2017
813,1993,10,13,2017
814,1994,10,14,2017
815,1995,10,13,2017
816,1996,10,13,2017
817,1997,10,14,2017
818,1998,10,13,2017
819,1999,10,12,2017
820,2000,11,27,2017
821,2001,10,12,2017
822,2002,10,14,2017
823,2003,10,15,2017
824,2004,10,11,2017
825,2005,10,14,2017
826,2006,10,13,2017
827,2007,10,14,2017
828,2008,8,31,2017
829,2009,8,23,2017
830,2011,10,14,2017
831,2012,10,14,2017
832,2014,10,14,2017
833,2015,10,14,2017
834,2016,10,14,2017
835,2017,10,13,2017
836,2018,10,14,2017
837,2019,10,14,2017
838,2020,10,14,2017
839,2021,10,14,2017
840,2022,10,14,2017
841,2023,10,14,2017
842,2024,10,14,2017
843,2025,10,16,2017
844,2026,10,14,2017
845,2028,10,16,2017
846,2029,10,14,2017
847,2030,10,14,2017
848,2031,10,15,2017
849,2032,10,13,2017
850,2033,10,15,2017
851,2034,10,14,2017
852,2035,10,15,2017
853,2036,10,15,2017
854,2037,10,15,2017
855,2038,10,13,2017
856,2039,10,13,2017
857,2040,10,13,2017
858,2041,10,11,2017
859,2042,10,15,2017
860,2043,10,11,2017
861,2044,10,11,2017
862,2045,10,14,2017
863,2046,10,15,2017
864,2047,10,11,2017
865,2048,10,15,2017
866,2049,10,14,2017
867,2050,10,16,2017
868,2051,10,10,2017
869,2052,10,15,2017
870,2053,10,16,2017
871,2055,10,13,2017
872,2056,10,16,2017
873,2057,10,15,2017
874,2058,10,15,2017
875,2059,10,16,2017
876,2060,10,16,2017
877,2061,10,16,2017
878,2062,10,15,2017
879,2063,10,16,2017
880,2064,10,15,2017
881,2066,10,16,2017
882,2067,10,17,2017
883,2068,10,16,2017
884,2069,10,16,2017
885,2070,10,16,2017
886,2071,10,16,2017
887,2072,10,17,2017
888,2073,10,16,2017
889,2074,10,16,2017
890,2075,10,16,2017
891,2076,10,16,2017
892,2077,10,16,2017
893,2078,10,16,2017
894,2079,10,16,2017
895,2080,10,15,2017
896,2081,10,16,2017
897,2082,10,16,2017
898,2083,10,16,2017
899,2085,10,16,2017
900,2086,10,16,2017
901,2088,10,16,2017
902,2089,10,16,2017
903,2090,10,16,2017
904,2091,10,17,2017
905,2093,10,16,2017
906,2095,10,16,2017
907,2096,10,16,2017
908,2098,10,16,2017
909,2099,10,16,2017
910,2103,10,16,2017
911,2104,10,17,2017
912,2107,10,16,2017
913,2108,10,16,2017
914,2109,10,16,2017
915,2110,10,17,2017
916,2112,10,17,2017
917,2113,10,16,2017
918,2114,10,17,2017
919,2115,10,16,2017
920,2116,10,17,2017
921,2117,10,16,2017
922,2119,10,17,2017
923,2120,10,18,2017
924,2121,10,17,2017
925,2122,10,17,2017
926,2123,10,18,2017
927,2124,10,17,2017
928,2125,10,18,2017
929,2126,10,13,2017
930,2127,10,17,2017
931,2128,10,17,2017
932,2129,10,14,2017
933,2130,10,16,2017
934,2131,10,17,2017
935,2132,10,17,2017
936,2133,10,17,2017
937,2135,10,17,2017
938,2136,10,17,2017
939,2137,10,18,2017
940,2138,10,17,2017
941,2139,10,17,2017
942,2140,10,17,2017
943,2141,6,27,2017
944,2142,10,13,2017
945,2143,10,17,2017
946,2144,10,17,2017
947,2145,10,17,2017
948,2146,10,18,2017
949,2147,10,17,2017
950,2148,10,20,2017
951,2149,10,17,2017
952,2150,10,17,2017
953,2151,10,18,2017
954,2152,10,16,2017
955,2153,10,18,2017
956,2154,10,17,2017
957,2155,10,18,2017
958,2156,10,17,2017
959,2157,10,17,2017
960,2158,10,17,2017
961,2160,10,18,2017
962,2161,10,18,2017
963,2162,10,18,2017
964,2163,10,19,2017
965,2164,10,18,2017
966,2165,10,18,2017
967,2166,10,19,2017
968,2167,10,18,2017
969,2168,10,19,2017
970,2169,10,18,2017
971,2170,10,19,2017
972,2171,10,18,2017
973,2172,10,18,2017
974,2173,10,18,2017
975,2174,10,18,2017
976,2175,10,18,2017
977,2176,10,19,2017
978,2177,10,18,2017
979,2178,10,18,2017
980,2179,10,18,2017
981,2180,10,18,2017
982,2181,7,20,2017
983,2182,10,17,2017
984,2183,10,18,2017
985,2185,10,19,2017
986,2187,10,17,2017
987,2189,10,18,2017
988,2190,10,18,2017
989,2191,10,19,2017
990,2193,10,18,2017
991,2195,10,18,2017
992,2196,10,17,2017
993,2198,10,24,2017
994,2206,10,18,2017
995,2208,10,18,2017
996,2209,10,18,2017
997,2210,10,18,2017
998,2211,10,19,2017
999,2212,10,19,2017
1000,2213,10,18,2017
1001,2214,10,19,2017
1002,2215,10,18,2017
1003,2216,10,18,2017
1004,2217,10,26,2017
1005,2218,10,20,2017
1006,2219,10,19,2017
1007,2220,10,19,2017
1008,2221,10,19,2017
1009,2222,10,19,2017
1010,2223,10,19,2017
1011,2224,10,20,2017
1012,2225,10,19,2017
1013,2226,10,20,2017
1014,2227,10,19,2017
1015,2228,10,19,2017
1016,2229,10,19,2017
1017,2230,10,19,2017
1018,2231,10,17,2017
1019,2232,10,18,2017
1020,2233,10,18,2017
1021,2234,10,17,2017
1022,2235,10,20,2017
1023,2236,10,19,2017
1024,2237,10,19,2017
1025,2238,10,20,2017
1026,2239,10,19,2017
1027,2240,10,19,2017
1028,2241,10,19,2017
1029,2242,10,19,2017
1030,2243,10,18,2017
1031,2245,10,19,2017
1032,2247,10,18,2017
1033,2248,10,19,2017
1034,2251,10,16,2017
1035,2254,10,19,2017
1036,2264,10,18,2017
1037,2265,10,17,2017
1038,2266,10,20,2017
1039,2274,10,19,2017
1040,2275,10,19,2017
1041,2276,10,19,2017
1042,2283,10,20,2017
1043,2284,10,20,2017
1044,2285,10,20,2017
1045,2286,10,6,2017
1046,2287,10,20,2017
1047,2288,10,21,2017
1048,2289,10,19,2017
1049,2290,10,20,2017
1050,2291,10,20,2017
1051,2292,10,20,2017
1052,2293,10,20,2017
1053,2294,10,20,2017
1054,2295,10,20,2017
1055,2296,10,20,2017
1056,2297,10,19,2017
1057,2298,10,22,2017
1058,2299,10,19,2017
1059,2300,10,19,2017
1060,2301,10,20,2017
1061,2302,10,20,2017
1062,2303,10,20,2017
1063,2304,10,20,2017
1064,2305,10,20,2017
1065,2306,10,20,2017
1066,2307,10,20,2017
1067,2308,10,20,2017
1068,2309,10,20,2017
1069,2310,10,20,2017
1070,2311,10,20,2017
1071,2312,10,21,2017
1072,2313,10,20,2017
1073,2314,10,20,2017
1074,2315,10,20,2017
1075,2316,10,23,2017
1076,2322,10,21,2017
1077,2324,10,20,2017
1078,2326,10,20,2017
1079,2327,10,20,2017
1080,2336,10,19,2017
1081,2338,10,21,2017
1082,2339,10,21,2017
1083,2340,10,21,2017
1084,2341,10,21,2017
1085,2342,10,20,2017
1086,2343,10,21,2017
1087,2344,10,20,2017
1088,2345,10,20,2017
1089,2346,10,19,2017
1090,2347,10,21,2017
1091,2348,10,19,2017
1092,2349,10,19,2017
1093,2350,10,20,2017
1094,2351,10,20,2017
1095,2352,10,20,2017
1096,2353,10,21,2017
1097,2354,10,21,2017
1098,2355,10,21,2017
1099,2356,10,21,2017
1100,2357,10,21,2017
1101,2358,10,21,2017
1102,2359,10,21,2017
1103,2360,10,21,2017
1104,2361,10,21,2017
1105,2364,10,22,2017
1106,2365,10,21,2017
1107,2368,10,22,2017
1108,2373,10,21,2017
1109,2374,10,21,2017
1110,2375,10,21,2017
1111,2386,10,22,2017
1112,2387,10,21,2017
1113,2388,10,23,2017
1114,2389,10,22,2017
1115,2390,10,22,2017
1116,2391,10,16,2017
1117,2392,10,22,2017
1118,2393,10,22,2017
1119,2394,10,20,2017
1120,2395,10,20,2017
1121,2396,10,20,2017
1122,2397,10,20,2017
1123,2398,10,18,2017
1124,2399,10,20,2017
1125,2400,10,19,2017
1126,2401,10,19,2017
1127,2402,10,22,2017
1128,2403,10,22,2017
1129,2404,10,22,2017
1130,2405,10,22,2017
1131,2406,10,22,2017
1132,2407,10,22,2017
1133,2408,10,22,2017
1134,2409,10,22,2017
1135,2410,10,23,2017
1136,2411,10,19,2017
1137,2412,10,23,2017
1138,2413,10,22,2017
1139,2417,10,23,2017
1140,2418,10,22,2017
1141,2419,10,23,2017
1142,2424,10,20,2017
1143,2428,10,23,2017
1144,2429,10,24,2017
1145,2430,10,22,2017
1146,2431,10,20,2017
1147,2432,10,24,2017
1148,2433,10,21,2017
1149,2434,10,20,2017
1150,2435,10,23,2017
1151,2436,10,24,2017
1152,2437,10,24,2017
1153,2438,10,24,2017
1154,2440,10,22,2017
1155,2441,10,23,2017
1156,2442,10,23,2017
1157,2443,10,23,2017
1158,2444,10,23,2017
1159,2445,10,23,2017
1160,2447,10,23,2017
1161,2448,10,23,2017
1162,2449,10,23,2017
1163,2450,10,23,2017
1164,2451,10,23,2017
1165,2453,10,23,2017
1166,2455,10,23,2017
1167,2456,10,24,2017
1168,2458,10,23,2017
1169,2460,10,24,2017
1170,2461,10,23,2017
1171,2463,10,24,2017
1172,2464,10,23,2017
1173,2466,10,23,2017
1174,2473,10,24,2017
1175,2474,10,23,2017
1176,2476,10,23,2017
1177,2482,10,24,2017
1178,2483,10,23,2017
1179,2484,10,23,2017
1180,2486,10,23,2017
1181,2505,10,24,2017
1182,2506,10,24,2017
1183,2507,10,25,2017
1184,2508,10,24,2017
1185,2509,10,25,2017
1186,2510,10,24,2017
1187,2511,10,24,2017
1188,2512,10,24,2017
1189,2514,10,24,2017
1190,2515,10,24,2017
1191,2516,10,24,2017
1192,2517,10,24,2017
1193,2518,10,24,2017
1194,2519,10,24,2017
1195,2520,10,24,2017
1196,2521,10,23,2017
1197,2522,10,24,2017
1198,2523,10,23,2017
1199,2524,10,23,2017
1200,2525,10,24,2017
1201,2526,10,24,2017
1202,2528,10,24,2017
1203,2530,10,24,2017
1204,2531,10,24,2017
1205,2532,10,24,2017
1206,2534,10,24,2017
1207,2535,10,24,2017
1208,2537,10,24,2017
1209,2538,10,24,2017
1210,2539,10,24,2017
1211,2543,10,25,2017
1212,2545,10,25,2017
1213,2546,10,24,2017
1214,2548,10,25,2017
1215,2556,10,24,2017
1216,2558,10,24,2017
1217,2559,10,23,2017
1218,2560,10,24,2017
1219,2561,10,24,2017
1220,2562,10,25,2017
1221,2563,10,25,2017
1222,2565,10,26,2017
1223,2566,10,26,2017
1224,2567,10,25,2017
1225,2568,10,26,2017
1226,2569,10,25,2017
1227,2570,10,24,2017
1228,2571,10,24,2017
1229,2572,10,25,2017
1230,2573,10,21,2017
1231,2574,10,25,2017
1232,2575,10,23,2017
1233,2576,10,25,2017
1234,2577,10,25,2017
1235,2578,10,25,2017
1236,2580,10,25,2017
1237,2582,10,25,2017
1238,2584,10,25,2017
1239,2585,10,25,2017
1240,2587,12,30,2016
1241,2589,10,26,2017
1242,2590,10,26,2017
1243,2592,10,25,2017
1244,2593,10,26,2017
1245,2595,10,25,2017
1246,2596,10,25,2017
1247,2597,10,25,2017
1248,2599,10,25,2017
1249,2600,10,25,2017
1250,2602,10,26,2017
1251,2609,10,25,2017
1252,2612,10,25,2017
1253,2614,10,25,2017
1254,2616,10,27,2017
1255,2617,10,26,2017
1256,2618,10,26,2017
1257,2619,10,25,2017
1258,2620,10,25,2017
1259,2621,10,25,2017
1260,2622,10,26,2017
1261,2623,10,26,2017
1262,2624,10,26,2017
1263,2625,10,25,2017
1264,2626,10,27,2017
1265,2627,10,26,2017
1266,2628,10,26,2017
1267,2629,10,26,2017
1268,2630,10,26,2017
1269,2631,10,26,2017
1270,2632,10,25,2017
1271,2633,10,27,2017
1272,2634,10,26,2017
1273,2635,10,25,2017
1274,2636,10,26,2017
1275,2637,10,26,2017
1276,2638,10,26,2017
1277,2639,10,26,2017
1278,2640,10,26,2017
1279,2641,10,26,2017
1280,2642,10,26,2017
1281,2643,10,23,2017
1282,2644,4,19,2017
1283,2645,10,24,2017
1284,2646,10,26,2017
1285,2647,10,26,2017
1286,2648,10,27,2017
1287,2649,10,26,2017
1288,2650,10,26,2017
1289,2651,10,26,2017
1290,2652,10,26,2017
1291,2653,10,26,2017
1292,2654,10,27,2017
1293,2655,10,26,2017
1294,2656,10,26,2017
1295,2657,10,27,2017
1296,2658,10,27,2017
1297,2659,10,26,2017
1298,2660,10,27,2017
1299,2661,10,27,2017
1300,2662,10,27,2017
1301,2663,10,28,2017
1302,2664,10,27,2017
1303,2665,10,28,2017
1304,2666,10,27,2017
1305,2667,10,27,2017
1306,2668,10,27,2017
1307,2669,10,26,2017
1308,2670,10,27,2017
1309,2671,10,27,2017
1310,2672,10,27,2017
1311,2673,10,27,2017
1312,2674,10,27,2017
1313,2675,10,27,2017
1314,2676,10,27,2017
1315,2677,10,27,2017
1316,2678,10,27,2017
1317,2679,10,26,2017
1318,2680,10,27,2017
1319,2681,10,28,2017
1320,2682,10,27,2017
1321,2683,10,27,2017
1322,2684,10,25,2017
1323,2685,10,27,2017
1324,2686,10,27,2017
1325,2687,10,27,2017
1326,2688,10,27,2017
1327,2689,10,27,2017
1328,2690,10,28,2017
1329,2691,10,28,2017
1330,2692,10,29,2017
1331,2693,10,27,2017
1332,2694,10,27,2017
1333,2695,10,29,2017
1334,2696,10,27,2017
1335,2697,10,27,2017
1336,2698,10,28,2017
1337,2699,10,27,2017
1338,2701,10,28,2017
1339,2702,10,27,2017
1340,2703,10,27,2017
1341,2704,10,28,2017
1342,2705,10,28,2017
1343,2706,10,28,2017
1344,2707,10,28,2017
1345,2708,10,28,2017
1346,2709,10,28,2017
1347,2710,10,26,2017
1348,2711,10,29,2017
1349,2712,10,27,2017
1350,2713,10,26,2017
1351,2714,10,28,2017
1352,2715,10,29,2016
1353,2716,10,28,2017
1354,2717,10,29,2017
1355,2718,10,28,2017
1356,2719,7,7,2015
1357,2720,10,27,2017
1358,2721,10,28,2017
1359,2722,10,27,2017
1360,2723,10,28,2017
1361,2724,10,28,2017
1362,2725,10,29,2017
1363,2726,10,28,2017
1364,2727,10,29,2017
1365,2728,10,26,2017
1366,2731,10,28,2017
1367,2732,10,29,2017
1368,2733,10,28,2017
1369,2734,10,28,2017
1370,2735,10,29,2017
1371,2736,4,10,2017
1372,2737,10,27,2017
1373,2738,10,29,2017
1374,2739,10,29,2017
1375,2740,10,29,2017
1376,2741,10,29,2016
1377,2742,10,27,2017
1378,2743,10,20,2017
1379,2744,10,27,2017
1380,2745,10,27,2017
1381,2746,10,26,2017
1382,2747,10,26,2017
1383,2748,10,29,2017
1384,2749,10,29,2017
1385,2750,10,29,2017
1386,2751,10,29,2017
1387,2754,10,29,2017
1388,2756,10,29,2017
1389,2758,10,29,2017
1390,2760,10,29,2017
1391,2761,10,29,2017
1392,2763,10,29,2017
1393,2765,10,27,2017
1394,2773,10,31,2017
1395,2774,10,30,2017
1396,2776,10,29,2017
1397,2778,10,29,2017
1398,2779,10,30,2017
1399,2780,10,29,2017
1400,2781,10,29,2017
1401,2782,10,29,2017
1402,2783,10,29,2017
1403,2785,10,30,2018
1404,2786,10,30,2017
1405,2787,10,30,2017
1406,2788,10,30,2017
1407,2789,11,4,2017
1408,2790,10,30,2017
1409,2791,10,30,2017
1410,2792,10,30,2017
1411,2793,10,30,2017
1412,2794,10,30,2017
1413,2795,5,11,2017
1414,2796,10,27,2017
1415,2797,10,30,2017
1416,2798,10,30,2017
1417,2799,10,30,2017
1418,2800,10,30,2017
1419,2801,10,30,2017
1420,2802,10,30,2017
1421,2803,10,29,2017
1422,2804,11,1,2017
1423,2805,10,30,2017
1424,2806,10,31,2017
1425,2807,10,30,2017
1426,2808,10,30,2017
1427,2809,10,27,2017
1428,2810,10,29,2017
1429,2811,10,30,2017
1430,2812,10,31,2017
1431,2813,10,31,2017
1432,2814,10,30,2017
1433,2815,10,31,2017
1434,2816,10,31,2017
1435,2817,10,30,2017
1436,2818,10,31,2017
1437,2819,10,31,2017
1438,2820,10,31,2017
1439,2821,10,31,2017
1440,2822,11,1,2017
1441,2823,10,31,2017
1442,2824,10,31,2017
1443,2825,10,31,2017
1444,2826,10,30,2017
1445,2827,10,30,2017
1446,2828,11,1,2017
1447,2829,11,1,2017
1448,2830,11,1,2017
1449,2831,10,31,2017
1450,2833,10,31,2017
1451,2834,10,31,2017
1452,2835,10,30,2017
1453,2836,10,31,2017
1454,2837,10,31,2017
1455,2838,11,1,2017
1456,2839,10,31,2017
1457,2840,10,31,2017
1458,2841,10,31,2017
1459,2842,10,31,2017
1460,2843,10,31,2017
1461,2844,11,1,2017
1462,2845,10,31,2017
1463,2846,10,31,2017
1464,2847,10,31,2017
1465,2848,10,31,2017
1466,2849,10,30,2017
1467,2850,11,1,2017
1468,2851,10,31,2017
1469,2852,11,1,2017
1470,2853,10,31,2017
1471,2854,10,31,2017
1472,2855,10,31,2017
1473,2856,11,1,2017
1474,2857,10,31,2017
1475,2858,11,1,2017
1476,2859,10,31,2017
1477,2860,10,31,2017
1478,2861,11,1,2017
1479,2862,11,1,2017
1480,2863,11,1,2017
1481,2864,11,1,2017
1482,2865,11,1,2017
1483,2866,11,1,2017
1484,2867,11,2,2017
1485,2868,11,1,2017
1486,2869,11,1,2017
1487,2870,11,1,2017
1488,2871,11,2,2017
1489,2872,11,1,2017
1490,2873,11,1,2017
1491,2874,11,1,2017
1492,2875,11,1,2017
1493,2876,11,2,2017
1494,2877,11,1,2017
1495,2878,10,31,2017
1496,2879,10,30,2017
1497,2880,10,30,2017
1498,2881,11,1,2017
1499,2882,11,2,2017
1500,2883,11,1,2017
1501,2884,11,1,2017
1502,2885,11,2,2017
1503,2886,11,1,2017
1504,2887,11,1,2017
1505,2888,11,1,2017
1506,2889,11,1,2017
1507,2890,11,1,2017
1508,2891,11,1,2017
1509,2892,11,1,2017
1510,2893,10,26,2017
1511,2894,11,1,2017
1512,2895,11,1,2017
1513,2896,11,1,2017
1514,2897,11,2,2017
1515,2898,11,1,2017
1516,2899,11,2,2017
1517,2900,11,1,2017
1518,2901,11,1,2017
1519,2902,11,2,2017
1520,2903,11,2,2017
1521,2904,11,3,2017
1522,2905,11,2,2017
1523,2906,11,2,2017
1524,2907,11,2,2017
1525,2908,11,2,2017
1526,2909,11,2,2017
1527,2910,11,2,2017
1528,2911,11,2,2017
1529,2912,11,3,2017
1530,2913,11,2,2017
1531,2914,11,3,2017
1532,2915,11,2,2017
1533,2916,11,2,2017
1534,2917,11,2,2017
1535,2918,11,3,2017
1536,2919,11,2,2017
1537,2920,11,3,2017
1538,2921,10,24,2017
1539,2922,11,1,2017
1540,2923,11,2,2017
1541,2924,11,2,2017
1542,2925,11,2,2017
1543,2926,11,2,2017
1544,2927,11,2,2017
1545,2928,11,2,2017
1546,2929,11,3,2017
1547,2930,11,1,2017
1548,2931,11,3,2017
1549,2932,11,2,2017
1550,2933,11,2,2017
1551,2934,11,2,2017
1552,2935,11,3,2017
1553,2936,11,2,2017
1554,2937,11,2,2017
1555,2938,11,2,2017
1556,2939,11,2,2017
1557,2940,11,2,2017
1558,2941,11,2,2017
1559,2942,11,2,2017
1560,2943,11,2,2017
1561,2944,11,2,2017
1562,2945,11,3,2017
1563,2946,11,3,2017
1564,2947,11,3,2017
1565,2948,11,3,2017
1566,2949,11,3,2017
1567,2950,11,3,2017
1568,2951,11,3,2017
1569,2952,11,4,2017
1570,2953,11,3,2017
1571,2954,11,3,2017
1572,2955,11,3,2017
1573,2956,11,3,2017
1574,2957,11,3,2017
1575,2958,11,3,2017
1576,2960,11,3,2017
1577,2961,11,3,2017
1578,2962,11,3,2017
1579,2963,11,3,2017
1580,2964,11,3,2017
1581,2966,11,4,2017
1582,2967,11,3,2017
1583,2968,11,3,2017
1584,2970,11,3,2017
1585,2971,11,3,2017
1586,2973,11,3,2017
1587,2974,11,3,2017
1588,2975,11,2,2017
1589,2976,11,2,2017
1590,2977,11,3,2017
1591,2978,11,3,2017
1592,2979,11,3,2017
1593,2980,11,3,2017
1594,2981,11,3,2017
1595,2982,11,3,2017
1596,2983,11,3,2017
1597,2984,11,4,2017
1598,2985,11,4,2017
1599,2992,11,4,2017
1600,2993,11,4,2017
1601,2994,11,4,2017
1602,2995,11,4,2017
1603,2996,11,4,2017
1604,2997,11,4,2017
1605,2998,11,4,2017
1606,2999,11,4,2017
1607,3000,11,4,2017
1608,3001,11,3,2017
1609,3002,11,4,2017
1610,3003,11,3,2017
1611,3004,11,5,2017
1612,3005,11,3,2017
1613,3006,11,5,2017
1614,3007,11,4,2017
1615,3008,11,4,2017
1616,3009,11,4,2017
1617,3010,11,4,2017
1618,3012,10,26,2017
1619,3014,10,26,2017
1620,3017,11,2,2017
1621,3019,11,4,2017
1622,3021,11,2,2017
1623,3022,11,3,2017
1624,3024,11,3,2017
1625,3025,11,3,2017
1626,3027,11,4,2017
1627,3028,11,5,2017
1628,3030,11,3,2017
1629,3031,11,3,2017
1630,3034,11,2,2017
1631,3035,11,4,2017
1632,3036,11,4,2017
1633,3037,11,5,2017
1634,3038,11,3,2017
1635,3039,11,4,2017
1636,3040,11,5,2017
1637,3041,11,5,2017
1638,3042,10,2,2017
1639,3043,11,5,2017
1640,3044,12,4,2015
1641,3045,11,3,2017
1642,3046,10,3,2015
1643,3047,11,5,2017
1644,3048,11,3,2017
1645,3049,11,3,2017
1646,3050,11,3,2017
1647,3051,11,4,2017
1648,3052,11,4,2017
1649,3053,11,3,2017
1650,3054,11,5,2017
1651,3055,11,5,2017
1652,3056,11,5,2017
1653,3057,11,5,2017
1654,3058,11,5,2017
1655,3059,11,5,2017
1656,3060,11,5,2017
1657,3062,11,6,2017
1658,3063,11,5,2017
1659,3078,11,6,2017
1660,3079,11,6,2017
1661,3086,11,5,2017
1662,3091,11,5,2017
1663,3092,11,5,2017
1664,3095,11,4,2017
1665,3096,11,6,2017
1666,3097,11,8,2017
1667,3098,11,6,2017
1668,3099,11,6,2017
1669,3100,11,7,2017
1670,3101,11,7,2017
1671,3102,11,6,2017
1672,3103,11,6,2017
1673,3104,11,6,2017
1674,3105,11,5,2017
1675,3106,11,6,2017
1676,3107,11,6,2017
1677,3108,11,6,2017
1678,3109,11,6,2017
1679,3110,11,6,2017
1680,3111,11,6,2017
1681,3112,11,6,2017
1682,3113,11,6,2017
1683,3114,11,7,2017
1684,3116,11,6,2017
1685,3120,11,6,2017
1686,3121,11,3,2017
1687,3123,11,6,2017
1688,3124,11,3,2017
1689,3128,11,6,2017
1690,3130,11,6,2017
1691,3131,11,6,2017
1692,3137,11,7,2017
1693,3138,11,7,2017
1694,3140,11,7,2017
1695,3146,11,6,2017
1696,3147,11,6,2017
1697,3148,11,6,2017
1698,3149,11,6,2017
1699,3150,11,6,2017
1700,3151,11,7,2017
1701,3152,11,6,2017
1702,3153,11,6,2017
1703,3155,11,7,2017
1704,3156,11,8,2017
1705,3157,11,7,2017
1706,3158,11,7,2017
1707,3159,11,7,2017
1708,3160,11,7,2017
1709,3161,11,7,2017
1710,3162,11,7,2017
1711,3163,11,7,2017
1712,3164,11,7,2017
1713,3165,11,7,2017
1714,3166,11,7,2017
1715,3167,11,7,2017
1716,3168,11,7,2017
1717,3169,11,8,2017
1718,3170,11,7,2017
1719,3171,11,7,2017
1720,3172,11,8,2017
1721,3173,11,8,2017
1722,3174,11,7,2017
1723,3175,11,2,2017
1724,3176,11,6,2017
1725,3177,11,7,2017
1726,3178,11,2,2017
1727,3179,11,6,2017
1728,3180,11,7,2017
1729,3181,11,7,2017
1730,3182,11,7,2017
1731,3183,11,7,2017
1732,3184,11,7,2017
1733,3185,11,7,2017
1734,3186,11,7,2017
1735,3187,11,7,2017
1736,3188,11,7,2017
1737,3189,11,8,2017
1738,3190,11,7,2017
1739,3191,11,8,2017
1740,3192,11,7,2017
1741,3193,11,7,2017
1742,3194,11,7,2017
1743,3195,11,9,2017
1744,3196,6,20,2017
1745,3197,11,8,2017
1746,3198,11,8,2017
1747,3199,11,8,2017
1748,3200,11,6,2017
1749,3201,11,8,2017
1750,3202,11,8,2017
1751,3203,11,8,2017
1752,3204,11,8,2017
1753,3205,11,6,2017
1754,3206,11,8,2017
1755,3207,11,6,2017
1756,3208,11,8,2017
1757,3209,11,9,2017
1758,3210,11,8,2017
1759,3211,11,9,2017
1760,3212,11,8,2017
1761,3213,11,8,2017
1762,3214,11,9,2017
1763,3215,11,9,2017
1764,3216,11,8,2017
1765,3217,11,6,2017
1766,3218,11,8,2017
1767,3219,11,8,2017
1768,3220,11,8,2017
1769,3221,11,8,2017
1770,3222,11,8,2017
1771,3223,11,9,2017
1772,3224,11,8,2017
1773,3225,11,9,2017
1774,3226,11,9,2017
1775,3227,11,8,2017
1776,3228,11,8,2017
1777,3229,11,10,2017
1778,3230,11,9,2017
1779,3231,11,9,2017
1780,3232,11,10,2017
1781,3233,11,9,2017
1782,3234,11,8,2017
1783,3235,11,9,2017
1784,3236,11,9,2017
1785,3237,11,8,2017
1786,3238,11,10,2017
1787,3239,11,9,2017
1788,3240,11,9,2017
1789,3241,11,9,2017
1790,3242,11,9,2017
1791,3243,11,9,2017
1792,3245,11,8,2017
1793,3246,11,9,2017
1794,3247,11,9,2017
1795,3248,11,9,2017
1796,3249,11,9,2017
1797,3250,11,9,2017
1798,3251,11,9,2017
1799,3252,11,9,2017
1800,3253,11,6,2017
1801,3255,11,9,2017
1802,3256,11,9,2017
1803,3257,11,9,2017
1804,3258,11,9,2017
1805,3259,11,10,2017
1806,3260,11,9,2017
1807,3261,11,9,2017
1808,3262,11,9,2017
1809,3263,11,9,2017
1810,3264,11,9,2017
1811,3265,11,10,2017
1812,3266,11,9,2017
1813,3267,11,9,2017
1814,3268,11,10,2017
1815,3269,11,9,2017
1816,3270,11,9,2017
1817,3271,11,10,2017
1818,3272,11,10,2017
1819,3273,11,10,2017
1820,3274,11,10,2017
1821,3275,11,10,2017
1822,3277,11,10,2017
1823,3278,11,10,2018
1824,3279,11,10,2017
1825,3281,11,10,2017
1826,3282,11,10,2017
1827,3283,11,10,2017
1828,3284,11,10,2017
1829,3285,11,11,2017
1830,3286,11,10,2017
1831,3287,11,10,2017
1832,3288,11,10,2017
1833,3289,11,11,2017
1834,3290,11,10,2017
1835,3291,11,10,2017
1836,3292,11,10,2017
1837,3293,11,10,2017
1838,3294,11,10,2017
1839,3295,11,10,2017
1840,3296,11,10,2017
1841,3297,11,10,2017
1842,3298,11,10,2017
1843,3299,11,10,2017
1844,3300,11,10,2017
1845,3301,11,10,2017
1846,3302,11,10,2017
1847,3303,11,11,2017
1848,3304,11,11,2017
1849,3305,11,12,2017
1850,3306,11,11,2017
1851,3307,11,10,2017
1852,3308,11,10,2017
1853,3309,11,10,2017
1854,3310,11,10,2017
1855,3311,11,10,2017
1856,3312,11,11,2017
1857,3313,11,11,2017
1858,3314,11,11,2017
1859,3315,11,10,2017
1860,3317,11,11,2017
1861,3319,11,11,2017
1862,3320,11,11,2017
1863,3321,11,10,2017
1864,3322,11,8,2017
1865,3323,11,11,2017
1866,3325,11,11,2017
1867,3327,11,12,2017
1868,3328,11,10,2017
1869,3329,11,11,2017
1870,3330,11,11,2017
1871,3331,11,11,2017
1872,3332,11,11,2017
1873,3333,11,11,2017
1874,3334,11,11,2017
1875,3335,11,11,2017
1876,3336,11,11,2017
1877,3337,11,12,2017
1878,3338,11,11,2017
1879,3339,11,11,2017
1880,3341,11,11,2017
1881,3342,11,12,2017
1882,3344,11,11,2017
1883,3345,11,10,2017
1884,3346,11,12,2017
1885,3347,11,12,2017
1886,3348,6,6,2016
1887,3351,11,13,2017
1888,3352,11,12,2017
1889,3355,11,12,2017
1890,3356,11,10,2017
1891,3358,11,12,2017
1892,3359,11,12,2017
1893,3360,11,12,2017
1894,3361,11,10,2017
1895,3362,11,12,2017
1896,3363,11,12,2017
1897,3364,11,12,2017
1898,3365,11,10,2017
1899,3366,11,12,2017
1900,3367,11,10,2017
1901,3370,11,8,2017
1902,3372,11,12,2017
1903,3373,11,12,2017
1904,3374,11,12,2017
1905,3375,11,12,2017
1906,3376,11,13,2017
1907,3378,11,13,2017
1908,3379,11,12,2017
1909,3380,11,13,2017
1910,3381,11,13,2017
1911,3382,11,12,2017
1912,3383,11,12,2017
1913,3384,11,13,2017
